id,sales
TEST_00_느티나무 셀프BBQ_1인 수저세트,"27,9,2,3,5,6,18"
TEST_00_느티나무 셀프BBQ_BBQ55(단체),"1,27,17,58,14,19,4"
"TEST_00_느티나무 셀프BBQ_대여료 30,000원","8,3,2,1,2,4,10"
"TEST_00_느티나무 셀프BBQ_대여료 60,000원","4,2,1,1,2,3,5"
"TEST_00_느티나무 셀프BBQ_대여료 90,000원","4,2,1,1,2,2,4"
"TEST_00_느티나무 셀프BBQ_본삼겹 (단품,실내)","2,1,1,1,1,3,7"
TEST_00_느티나무 셀프BBQ_스프라이트 (단체),"2,14,2,4,4,4,3"
TEST_00_느티나무 셀프BBQ_신라면,"3,2,1,1,2,6,8"
TEST_00_느티나무 셀프BBQ_쌈야채세트,"2,1,1,1,2,2,8"
TEST_00_느티나무 셀프BBQ_쌈장,"2,2,1,1,2,2,3"
TEST_00_느티나무 셀프BBQ_육개장 사발면,"1,1,1,1,3,4,3"
TEST_00_느티나무 셀프BBQ_일회용 소주컵,"2,2,1,1,2,2,4"
TEST_00_느티나무 셀프BBQ_일회용 종이컵,"3,2,1,1,2,2,5"
TEST_00_느티나무 셀프BBQ_잔디그늘집 대여료 (12인석),"4,2,1,1,2,2,15"
TEST_00_느티나무 셀프BBQ_잔디그늘집 대여료 (6인석),"19,10,2,1,6,13,38"
TEST_00_느티나무 셀프BBQ_잔디그늘집 의자 추가,"3,2,1,1,2,2,4"
TEST_00_느티나무 셀프BBQ_참이슬 (단체),"0,27,21,30,17,18,6"
TEST_00_느티나무 셀프BBQ_친환경 접시 14cm,"3,2,1,1,2,2,4"
TEST_00_느티나무 셀프BBQ_친환경 접시 23cm,"2,1,1,1,2,2,4"
TEST_00_느티나무 셀프BBQ_카스 병(단체),"2,14,8,30,20,21,6"
TEST_00_느티나무 셀프BBQ_콜라 (단체),"2,4,2,2,3,4,3"
TEST_00_느티나무 셀프BBQ_햇반,"0,1,1,1,2,2,2"
TEST_00_느티나무 셀프BBQ_허브솔트,"1,1,1,1,2,2,3"
TEST_00_담하_(단체) 공깃밥,"2,1,1,1,2,6,4"
TEST_00_담하_(단체) 생목살 김치전골 2.0,"0,1,22,16,19,37,39"
TEST_00_담하_(단체) 은이버섯 갈비탕,"22,1,25,70,63,44,30"
TEST_00_담하_(단체) 한우 우거지 국밥,"1,1,17,9,2,13,3"
TEST_00_담하_(단체) 황태해장국 3/27까지,"39,40,26,44,72,30,74"
TEST_00_담하_(정식) 된장찌개,"12,8,6,1,4,7,15"
TEST_00_담하_(정식) 물냉면 ,"7,2,1,1,2,5,7"
TEST_00_담하_(정식) 비빔냉면,"3,1,2,1,2,2,4"
TEST_00_담하_(후식) 된장찌개,"4,2,1,1,2,4,6"
TEST_00_담하_(후식) 물냉면,"2,1,1,1,3,3,7"
TEST_00_담하_(후식) 비빔냉면,"2,1,1,1,2,3,4"
TEST_00_담하_갑오징어 비빔밥,"0,1,1,2,3,2,3"
TEST_00_담하_갱시기,"0,1,1,1,2,2,2"
TEST_00_담하_공깃밥,"51,15,10,3,5,21,52"
TEST_00_담하_꼬막 비빔밥,"0,1,1,1,2,2,2"
TEST_00_담하_느린마을 막걸리,"2,1,1,1,2,2,6"
TEST_00_담하_담하 한우 불고기,"48,13,7,3,4,24,38"
TEST_00_담하_담하 한우 불고기 정식,"17,12,5,2,4,9,22"
TEST_00_담하_더덕 한우 지짐,"3,2,1,1,2,2,4"
TEST_00_담하_들깨 양지탕,"0,1,1,1,2,2,2"
TEST_00_담하_라면사리,"2,1,1,1,4,4,3"
TEST_00_담하_룸 이용료,"0,1,1,1,2,2,2"
TEST_00_담하_메밀면 사리,"3,3,2,1,2,2,4"
TEST_00_담하_명인안동소주,"1,1,1,1,2,2,3"
TEST_00_담하_명태회 비빔냉면,"2,2,2,1,2,4,6"
TEST_00_담하_문막 복분자 칵테일,"4,2,1,1,2,2,6"
TEST_00_담하_봉평메밀 물냉면,"2,1,1,1,2,2,3"
TEST_00_담하_생목살 김치찌개,"12,7,9,4,5,5,18"
TEST_00_담하_스프라이트,"1,1,1,1,2,2,3"
TEST_00_담하_은이버섯 갈비탕,"4,4,4,2,2,3,10"
TEST_00_담하_제로콜라,"1,1,1,1,2,2,3"
TEST_00_담하_참이슬,"11,5,1,1,2,2,15"
TEST_00_담하_처음처럼,"1,1,1,1,2,2,3"
TEST_00_담하_카스,"4,6,2,1,2,2,5"
TEST_00_담하_콜라,"1,1,1,1,2,2,3"
TEST_00_담하_테라,"1,1,1,1,2,2,3"
TEST_00_담하_하동 매실 칵테일,"3,2,1,1,2,2,4"
TEST_00_담하_한우 떡갈비 정식,"13,6,3,2,2,3,15"
TEST_00_담하_한우 미역국 정식,"4,5,5,1,4,3,3"
TEST_00_담하_한우 우거지 국밥,"10,8,6,3,3,2,4"
TEST_00_담하_한우 차돌박이 된장찌개,"8,6,4,3,3,7,14"
TEST_00_담하_황태해장국,"4,2,2,3,5,3,3"
TEST_00_라그로타_AUS (200g),"5,2,1,1,2,2,5"
TEST_00_라그로타_G-Charge(3),"2,1,2,1,2,3,3"
TEST_00_라그로타_Gls.Sileni,"1,1,1,1,2,2,3"
TEST_00_라그로타_Gls.미션 서드,"3,2,1,1,2,5,4"
TEST_00_라그로타_Open Food,"1,72,20,1,2,2,3"
TEST_00_라그로타_그릴드 비프 샐러드,"1,1,1,1,2,5,3"
TEST_00_라그로타_까르보나라,"7,7,1,1,2,4,8"
TEST_00_라그로타_모둠 해산물 플래터,"0,1,1,1,2,2,3"
TEST_00_라그로타_미션 서드 카베르네 쉬라,"1,3,2,1,2,2,2"
TEST_00_라그로타_버섯 크림 리조또,"5,2,1,1,2,7,8"
TEST_00_라그로타_빵 추가 (1인),"1,1,2,1,2,3,3"
TEST_00_라그로타_스프라이트,"1,1,1,1,2,2,3"
TEST_00_라그로타_시저 샐러드 ,"2,1,1,2,4,3,3"
TEST_00_라그로타_아메리카노,"1,1,1,1,2,3,3"
TEST_00_라그로타_알리오 에 올리오 ,"4,6,2,1,5,5,7"
TEST_00_라그로타_양갈비 (4ps),"1,2,2,1,2,3,4"
TEST_00_라그로타_자몽리치에이드,"1,2,2,1,2,3,3"
TEST_00_라그로타_제로콜라,"1,1,1,1,2,2,3"
TEST_00_라그로타_카스,"2,1,1,1,2,3,4"
TEST_00_라그로타_콜라,"1,1,1,1,3,4,6"
TEST_00_라그로타_하이네켄(생),"1,1,2,2,3,6,4"
TEST_00_라그로타_한우 (200g),"4,2,1,1,2,2,8"
TEST_00_라그로타_해산물 토마토 리조또,"1,1,1,1,2,2,3"
TEST_00_라그로타_해산물 토마토 스튜 파스타,"1,4,1,1,3,4,4"
TEST_00_라그로타_해산물 토마토 스파게티,"8,3,2,2,3,8,8"
"TEST_00_미라시아_(단체)브런치주중 36,000","23,1,1,38,73,43,1"
TEST_00_미라시아_(오븐) 하와이안 쉬림프 피자,"2,1,1,1,2,2,4"
TEST_00_미라시아_(화덕) 불고기 페퍼로니 반반피자,"3,1,1,1,1,2,5"
TEST_00_미라시아_BBQ Platter,"9,4,2,1,3,7,11"
TEST_00_미라시아_BBQ 고기추가,"2,2,1,1,2,2,4"
TEST_00_미라시아_공깃밥,"2,1,1,1,2,3,3"
TEST_00_미라시아_글라스와인 (레드),"0,1,1,1,2,2,2"
TEST_00_미라시아_레인보우칵테일(알코올),"1,1,1,1,2,2,3"
TEST_00_미라시아_미라시아 브런치 (패키지),"13,12,9,5,6,25,23"
TEST_00_미라시아_버드와이저(무제한),"5,3,1,2,5,3,5"
TEST_00_미라시아_보일링 랍스타 플래터,"2,2,1,1,2,2,4"
TEST_00_미라시아_보일링 랍스타 플래터(덜매운맛),"1,1,1,1,2,2,3"
TEST_00_미라시아_브런치 2인 패키지 ,"7,3,5,3,3,3,8"
TEST_00_미라시아_브런치 4인 패키지 ,"1,1,1,1,2,2,3"
TEST_00_미라시아_브런치(대인) 주말,"86,103,71,4,3,2,29"
TEST_00_미라시아_브런치(대인) 주중,"8,7,98,43,42,42,45"
TEST_00_미라시아_브런치(어린이),"26,12,11,6,5,4,13"
TEST_00_미라시아_쉬림프 투움바 파스타,"3,2,1,1,2,4,6"
TEST_00_미라시아_스텔라(무제한),"4,2,2,1,5,4,5"
TEST_00_미라시아_스프라이트,"1,1,1,1,2,3,3"
TEST_00_미라시아_애플망고 에이드,"4,2,1,2,2,3,4"
TEST_00_미라시아_얼그레이 하이볼,"1,1,1,1,2,2,3"
TEST_00_미라시아_오븐구이 윙과 킬바사소세지,"2,1,2,1,2,2,3"
TEST_00_미라시아_유자 하이볼,"1,1,1,1,2,2,3"
TEST_00_미라시아_잭 애플 토닉,"2,1,1,1,2,2,3"
TEST_00_미라시아_칠리 치즈 프라이,"2,2,1,1,3,2,3"
TEST_00_미라시아_코카콜라,"1,1,1,1,2,2,2"
TEST_00_미라시아_코카콜라(제로),"2,1,1,1,2,3,3"
TEST_00_미라시아_콥 샐러드,"3,1,1,1,2,4,5"
TEST_00_미라시아_파스타면 추가(150g),"2,2,1,1,2,2,4"
TEST_00_미라시아_핑크레몬에이드,"0,1,1,1,2,2,2"
TEST_00_연회장_Cass Beer,"1,1,1,57,54,48,3"
TEST_00_연회장_Conference L1,"1,1,1,1,2,2,2"
TEST_00_연회장_Conference L2,"1,1,1,1,2,2,2"
TEST_00_연회장_Conference L3,"1,1,1,1,2,2,2"
TEST_00_연회장_Conference M1,"1,1,1,1,2,2,3"
TEST_00_연회장_Conference M8,"1,1,1,1,2,2,3"
TEST_00_연회장_Conference M9,"1,1,1,1,2,2,3"
TEST_00_연회장_Convention Hall,"1,1,1,1,2,2,3"
TEST_00_연회장_Cookie Platter,"1,1,2,2,11,4,9"
TEST_00_연회장_Grand Ballroom,"1,1,1,1,2,3,3"
TEST_00_연회장_OPUS 2,"1,1,1,1,2,2,2"
TEST_00_연회장_Regular Coffee,"36,4,24,23,100,17,41"
TEST_00_연회장_골뱅이무침,"3,2,1,1,2,3,5"
TEST_00_연회장_공깃밥,"0,1,1,1,2,2,4"
TEST_00_연회장_돈목살 김치찌개 (밥포함),"2,2,1,1,2,3,4"
TEST_00_연회장_로제 치즈떡볶이,"1,1,1,1,2,2,4"
TEST_00_연회장_마라샹궈,"1,1,1,1,2,2,3"
TEST_00_연회장_매콤 무뼈닭발&계란찜,"3,2,1,1,2,2,5"
TEST_00_연회장_모둠 돈육구이(3인),"5,2,1,1,2,3,9"
TEST_00_연회장_삼겹살추가 (200g),"1,1,1,1,2,2,3"
TEST_00_연회장_야채추가,"2,1,1,1,2,2,3"
TEST_00_연회장_왕갈비치킨,"3,2,1,1,2,2,7"
TEST_00_연회장_주먹밥 (2ea),"2,1,1,1,2,2,3"
TEST_00_카페테리아_공깃밥(추가),"8,3,2,2,3,5,6"
TEST_00_카페테리아_구슬아이스크림,"0,1,1,1,2,2,2"
TEST_00_카페테리아_단체식 13000(신),"8,1,1,1,23,14,49"
TEST_00_카페테리아_단체식 18000(신),"0,24,59,86,59,25,22"
TEST_00_카페테리아_돼지고기 김치찌개,"7,5,3,3,4,3,9"
TEST_00_카페테리아_복숭아 아이스티,"0,1,1,1,2,2,2"
TEST_00_카페테리아_새우 볶음밥,"6,3,1,2,3,2,8"
TEST_00_카페테리아_새우튀김 우동,"0,1,1,1,2,2,2"
TEST_00_카페테리아_샷 추가,"0,1,1,1,2,2,2"
TEST_00_카페테리아_수제 등심 돈까스,"14,11,5,2,2,4,16"
TEST_00_카페테리아_아메리카노(HOT),"0,1,1,1,2,2,2"
TEST_00_카페테리아_아메리카노(ICE),"0,1,1,1,2,2,2"
TEST_00_카페테리아_약 고추장 돌솥비빔밥,"8,7,5,3,7,5,10"
TEST_00_카페테리아_어린이 돈까스,"5,2,1,1,2,3,5"
TEST_00_카페테리아_오픈푸드,"2,1,1,1,2,3,3"
TEST_00_카페테리아_진사골 설렁탕,"0,1,1,1,2,2,2"
TEST_00_카페테리아_짜장면,"10,4,2,1,2,2,12"
TEST_00_카페테리아_짜장밥,"2,1,1,1,2,2,3"
TEST_00_카페테리아_짬뽕,"6,4,2,4,2,2,7"
TEST_00_카페테리아_짬뽕밥,"2,2,1,2,2,3,4"
TEST_00_카페테리아_치즈돈까스,"10,5,2,1,2,2,8"
TEST_00_카페테리아_카페라떼(HOT),"0,1,1,1,2,2,2"
TEST_00_카페테리아_카페라떼(ICE),"0,1,1,1,2,2,2"
TEST_00_카페테리아_한상 삼겹구이 정식(2인) 소요시간 약 15~20분,"7,4,3,1,2,5,8"
TEST_00_포레스트릿_꼬치어묵,"0,1,1,1,2,2,2"
TEST_00_포레스트릿_떡볶이,"4,2,1,1,2,2,4"
TEST_00_포레스트릿_복숭아 아이스티,"0,1,1,1,2,2,2"
TEST_00_포레스트릿_생수,"6,2,1,1,2,2,8"
TEST_00_포레스트릿_스프라이트,"1,1,1,1,2,2,3"
TEST_00_포레스트릿_아메리카노(HOT),"1,1,1,1,2,2,2"
TEST_00_포레스트릿_아메리카노(ICE),"7,2,1,1,2,2,4"
TEST_00_포레스트릿_치즈 핫도그,"3,2,1,1,2,2,4"
TEST_00_포레스트릿_카페라떼(HOT),"1,1,1,1,2,2,3"
TEST_00_포레스트릿_카페라떼(ICE),"2,1,1,1,2,2,3"
TEST_00_포레스트릿_코카콜라,"1,1,1,1,2,2,3"
TEST_00_포레스트릿_페스츄리 소시지,"1,1,1,1,2,2,3"
TEST_00_화담숲주막_느린마을 막걸리,"10,12,18,4,9,8,17"
TEST_00_화담숲주막_단호박 식혜 ,"8,4,2,1,6,6,8"
TEST_00_화담숲주막_병천순대,"20,12,11,3,5,10,23"
TEST_00_화담숲주막_스프라이트,"3,4,2,3,3,5,4"
TEST_00_화담숲주막_참살이 막걸리,"20,8,3,3,6,7,23"
TEST_00_화담숲주막_찹쌀식혜,"9,8,8,2,9,8,11"
TEST_00_화담숲주막_콜라,"6,2,2,2,2,3,8"
TEST_00_화담숲주막_해물파전,"59,17,42,14,25,22,45"
TEST_00_화담숲카페_메밀미숫가루,"40,17,7,4,8,16,33"
TEST_00_화담숲카페_아메리카노 HOT,"7,5,2,2,5,5,7"
TEST_00_화담숲카페_아메리카노 ICE,"26,11,14,4,7,30,33"
TEST_00_화담숲카페_카페라떼 ICE,"8,5,3,3,5,7,10"
TEST_00_화담숲카페_현미뻥스크림,"15,6,4,2,6,9,17"
TEST_01_느티나무 셀프BBQ_1인 수저세트,"4,6,3,2,12,8,5"
TEST_01_느티나무 셀프BBQ_BBQ55(단체),"1,1,1,1,2,17,5"
"TEST_01_느티나무 셀프BBQ_대여료 30,000원","7,6,5,2,8,9,9"
"TEST_01_느티나무 셀프BBQ_대여료 60,000원","7,3,3,1,3,3,7"
"TEST_01_느티나무 셀프BBQ_대여료 90,000원","1,1,1,1,2,2,3"
"TEST_01_느티나무 셀프BBQ_본삼겹 (단품,실내)","2,1,1,2,2,3,3"
TEST_01_느티나무 셀프BBQ_스프라이트 (단체),"2,1,1,2,2,4,3"
TEST_01_느티나무 셀프BBQ_신라면,"2,2,2,1,2,5,4"
TEST_01_느티나무 셀프BBQ_쌈야채세트,"5,3,3,2,4,3,6"
TEST_01_느티나무 셀프BBQ_쌈장,"1,1,1,1,2,2,3"
TEST_01_느티나무 셀프BBQ_육개장 사발면,"1,1,1,1,2,3,3"
TEST_01_느티나무 셀프BBQ_일회용 소주컵,"1,1,1,1,2,2,2"
TEST_01_느티나무 셀프BBQ_일회용 종이컵,"1,1,1,1,2,2,3"
TEST_01_느티나무 셀프BBQ_잔디그늘집 대여료 (12인석),"3,1,2,1,2,39,8"
TEST_01_느티나무 셀프BBQ_잔디그늘집 대여료 (6인석),"18,15,6,3,10,30,23"
TEST_01_느티나무 셀프BBQ_잔디그늘집 의자 추가,"2,1,1,1,2,4,3"
TEST_01_느티나무 셀프BBQ_참이슬 (단체),"2,10,1,2,3,7,7"
TEST_01_느티나무 셀프BBQ_친환경 접시 14cm,"1,1,1,1,2,2,3"
TEST_01_느티나무 셀프BBQ_친환경 접시 23cm,"2,1,1,1,5,3,3"
TEST_01_느티나무 셀프BBQ_카스 병(단체),"3,1,1,4,3,3,6"
TEST_01_느티나무 셀프BBQ_콜라 (단체),"2,1,1,2,2,5,4"
TEST_01_느티나무 셀프BBQ_햇반,"1,1,1,1,3,2,3"
TEST_01_느티나무 셀프BBQ_허브솔트,"1,1,1,1,2,2,3"
TEST_01_담하_(단체) 공깃밥,"0,1,1,2,2,2,3"
TEST_01_담하_(단체) 생목살 김치전골 2.0,"1,15,4,4,4,2,3"
TEST_01_담하_(단체) 은이버섯 갈비탕,"1,1,55,30,2,2,2"
TEST_01_담하_(단체) 한우 우거지 국밥,"1,1,1,1,20,10,3"
TEST_01_담하_(단체) 황태해장국 3/27까지,"31,10,27,75,45,46,21"
TEST_01_담하_(정식) 된장찌개,"3,3,2,3,3,5,4"
TEST_01_담하_(정식) 물냉면 ,"3,3,2,1,2,12,6"
TEST_01_담하_(정식) 비빔냉면,"3,2,2,1,1,3,6"
TEST_01_담하_(후식) 된장찌개,"2,3,5,5,8,7,9"
TEST_01_담하_(후식) 물냉면,"3,1,3,3,5,5,6"
TEST_01_담하_(후식) 비빔냉면,"2,1,2,2,3,4,4"
TEST_01_담하_갑오징어 비빔밥,"1,1,2,1,2,3,3"
TEST_01_담하_갱시기,"0,1,1,1,2,2,2"
TEST_01_담하_공깃밥,"31,23,35,29,45,49,50"
TEST_01_담하_꼬막 비빔밥,"0,1,1,1,2,2,2"
TEST_01_담하_느린마을 막걸리,"1,1,2,1,3,2,3"
TEST_01_담하_담하 한우 불고기,"16,16,22,25,42,28,45"
TEST_01_담하_담하 한우 불고기 정식,"11,7,4,4,5,11,8"
TEST_01_담하_더덕 한우 지짐,"1,1,1,1,1,2,3"
TEST_01_담하_들깨 양지탕,"0,1,1,1,2,2,2"
TEST_01_담하_라면사리,"0,1,1,1,2,2,2"
TEST_01_담하_룸 이용료,"1,1,1,1,2,2,3"
TEST_01_담하_메밀면 사리,"2,1,2,3,3,2,4"
TEST_01_담하_명인안동소주,"1,1,1,2,2,2,3"
TEST_01_담하_명태회 비빔냉면,"7,3,3,4,5,13,8"
TEST_01_담하_문막 복분자 칵테일,"1,1,1,1,3,3,2"
TEST_01_담하_봉평메밀 물냉면,"5,5,3,4,5,6,8"
TEST_01_담하_생목살 김치찌개,"11,8,8,8,6,16,13"
TEST_01_담하_스프라이트,"2,1,2,1,2,3,4"
TEST_01_담하_은이버섯 갈비탕,"7,2,2,3,6,6,8"
TEST_01_담하_제로콜라,"1,1,1,1,2,2,2"
TEST_01_담하_참이슬,"4,2,2,4,7,6,7"
TEST_01_담하_처음처럼,"3,1,1,1,2,5,6"
TEST_01_담하_카스,"4,2,1,1,8,4,5"
TEST_01_담하_콜라,"2,1,1,1,2,2,3"
TEST_01_담하_테라,"1,1,1,1,2,3,3"
TEST_01_담하_하동 매실 칵테일,"1,1,1,1,2,2,3"
TEST_01_담하_한우 떡갈비 정식,"15,7,7,8,8,13,13"
TEST_01_담하_한우 미역국 정식,"11,6,4,3,5,7,13"
TEST_01_담하_한우 우거지 국밥,"8,6,9,4,4,11,18"
TEST_01_담하_한우 차돌박이 된장찌개,"9,8,7,10,9,15,13"
TEST_01_담하_황태해장국,"9,6,4,7,4,10,8"
TEST_01_라그로타_AUS (200g),"1,1,1,2,2,2,5"
TEST_01_라그로타_G-Charge(3),"3,2,1,1,2,2,4"
TEST_01_라그로타_Gls.Sileni,"1,1,2,2,2,2,6"
TEST_01_라그로타_Gls.미션 서드,"5,2,3,5,5,4,8"
TEST_01_라그로타_Open Food,"1,1,1,1,2,2,3"
TEST_01_라그로타_그릴드 비프 샐러드,"3,1,1,1,2,2,6"
TEST_01_라그로타_까르보나라,"0,1,1,1,2,2,2"
TEST_01_라그로타_모둠 해산물 플래터,"1,1,1,1,2,2,3"
TEST_01_라그로타_미션 서드 카베르네 쉬라,"1,1,1,1,2,2,3"
TEST_01_라그로타_버섯 크림 리조또,"4,2,1,2,3,3,10"
TEST_01_라그로타_빵 추가 (1인),"4,2,2,1,2,2,4"
TEST_01_라그로타_스프라이트,"1,1,1,1,2,2,3"
TEST_01_라그로타_시저 샐러드 ,"1,1,1,1,3,4,6"
TEST_01_라그로타_아메리카노,"0,1,1,1,2,2,3"
TEST_01_라그로타_알리오 에 올리오 ,"2,2,2,1,2,3,4"
TEST_01_라그로타_양갈비 (4ps),"2,1,1,1,2,5,6"
TEST_01_라그로타_자몽리치에이드,"2,1,1,1,2,2,4"
TEST_01_라그로타_제로콜라,"4,2,1,1,2,2,7"
TEST_01_라그로타_카스,"4,2,2,3,3,2,5"
TEST_01_라그로타_콜라,"1,1,1,3,3,2,2"
TEST_01_라그로타_하이네켄(생),"3,2,1,3,3,2,6"
TEST_01_라그로타_한우 (200g),"1,1,1,1,2,2,3"
TEST_01_라그로타_해산물 토마토 리조또,"2,1,1,2,2,2,3"
TEST_01_라그로타_해산물 토마토 스튜 파스타,"1,1,1,1,2,2,3"
TEST_01_라그로타_해산물 토마토 스파게티,"6,2,2,3,4,5,8"
"TEST_01_미라시아_(단체)브런치주중 36,000","0,1,57,51,9,4,3"
TEST_01_미라시아_(오븐) 하와이안 쉬림프 피자,"2,1,1,2,2,4,3"
TEST_01_미라시아_(화덕) 불고기 페퍼로니 반반피자,"3,2,3,2,4,6,6"
TEST_01_미라시아_BBQ Platter,"9,5,5,3,3,10,18"
TEST_01_미라시아_BBQ 고기추가,"1,1,1,1,2,3,3"
TEST_01_미라시아_공깃밥,"1,1,1,1,2,3,4"
TEST_01_미라시아_글라스와인 (레드),"1,1,1,1,2,2,3"
TEST_01_미라시아_레인보우칵테일(알코올),"2,1,1,1,2,2,3"
TEST_01_미라시아_미라시아 브런치 (패키지),"27,13,21,28,33,37,35"
TEST_01_미라시아_버드와이저(무제한),"11,8,3,3,5,14,11"
TEST_01_미라시아_보일링 랍스타 플래터,"2,1,1,2,3,2,3"
TEST_01_미라시아_보일링 랍스타 플래터(덜매운맛),"3,1,1,1,3,3,3"
TEST_01_미라시아_브런치 2인 패키지 ,"6,5,6,6,10,9,16"
TEST_01_미라시아_브런치 4인 패키지 ,"1,1,1,1,2,2,3"
TEST_01_미라시아_브런치(대인) 주말,"171,56,44,1,2,2,49"
TEST_01_미라시아_브런치(대인) 주중,"0,1,1,1,2,2,2"
TEST_01_미라시아_브런치(어린이),"47,31,25,29,35,44,54"
TEST_01_미라시아_쉬림프 투움바 파스타,"8,3,4,3,2,5,6"
TEST_01_미라시아_스텔라(무제한),"5,2,2,3,3,4,11"
TEST_01_미라시아_스프라이트,"3,2,2,2,2,2,4"
TEST_01_미라시아_애플망고 에이드,"2,1,4,3,3,5,5"
TEST_01_미라시아_얼그레이 하이볼,"2,1,1,1,2,2,3"
TEST_01_미라시아_오븐구이 윙과 킬바사소세지,"3,1,2,2,2,2,3"
TEST_01_미라시아_유자 하이볼,"1,1,1,1,2,2,3"
TEST_01_미라시아_잭 애플 토닉,"1,1,1,1,2,2,3"
TEST_01_미라시아_칠리 치즈 프라이,"2,1,1,2,2,4,4"
TEST_01_미라시아_코카콜라,"3,2,3,2,2,8,7"
TEST_01_미라시아_코카콜라(제로),"2,1,1,1,2,2,3"
TEST_01_미라시아_콥 샐러드,"1,2,2,1,1,2,2"
TEST_01_미라시아_파스타면 추가(150g),"3,1,1,1,4,3,3"
TEST_01_미라시아_핑크레몬에이드,"0,1,1,1,2,2,2"
TEST_01_연회장_Cass Beer,"0,1,1,1,2,2,2"
TEST_01_연회장_Conference L1,"1,1,1,1,2,2,2"
TEST_01_연회장_Conference L2,"1,1,1,1,2,2,2"
TEST_01_연회장_Conference L3,"0,1,1,1,2,2,2"
TEST_01_연회장_Conference M1,"1,1,1,1,2,2,3"
TEST_01_연회장_Conference M8,"0,1,1,1,2,2,3"
TEST_01_연회장_Conference M9,"1,1,1,1,2,2,3"
TEST_01_연회장_Convention Hall,"1,1,1,1,2,2,3"
TEST_01_연회장_Cookie Platter,"1,1,1,2,2,2,5"
TEST_01_연회장_Grand Ballroom,"0,1,1,1,2,2,3"
TEST_01_연회장_OPUS 2,"0,1,1,1,2,2,2"
TEST_01_연회장_Regular Coffee,"2,15,5,36,18,5,72"
TEST_01_연회장_골뱅이무침,"3,2,2,2,7,8,7"
TEST_01_연회장_공깃밥,"9,4,2,2,7,4,5"
TEST_01_연회장_돈목살 김치찌개 (밥포함),"8,4,2,2,7,7,8"
TEST_01_연회장_로제 치즈떡볶이,"3,1,3,2,2,3,3"
TEST_01_연회장_마라샹궈,"1,1,1,1,5,5,3"
TEST_01_연회장_매콤 무뼈닭발&계란찜,"2,1,1,1,5,6,4"
TEST_01_연회장_모둠 돈육구이(3인),"11,4,3,3,7,20,20"
TEST_01_연회장_삼겹살추가 (200g),"3,1,1,1,2,3,4"
TEST_01_연회장_야채추가,"1,1,1,1,2,2,3"
TEST_01_연회장_왕갈비치킨,"5,2,3,3,4,7,8"
TEST_01_연회장_주먹밥 (2ea),"2,1,1,1,2,5,4"
TEST_01_카페테리아_공깃밥(추가),"9,6,6,3,6,12,11"
TEST_01_카페테리아_구슬아이스크림,"0,1,1,1,2,2,2"
TEST_01_카페테리아_단체식 13000(신),"0,1,1,1,2,2,2"
TEST_01_카페테리아_단체식 18000(신),"1,47,34,1,2,2,2"
TEST_01_카페테리아_돼지고기 김치찌개,"8,7,10,5,7,15,12"
TEST_01_카페테리아_복숭아 아이스티,"0,1,1,1,2,2,2"
TEST_01_카페테리아_새우 볶음밥,"5,6,9,4,5,14,10"
TEST_01_카페테리아_새우튀김 우동,"0,1,1,1,2,2,2"
TEST_01_카페테리아_샷 추가,"0,1,1,1,2,2,2"
TEST_01_카페테리아_수제 등심 돈까스,"19,14,13,8,9,27,26"
TEST_01_카페테리아_아메리카노(HOT),"0,1,1,1,2,2,2"
TEST_01_카페테리아_아메리카노(ICE),"0,1,1,1,2,2,2"
TEST_01_카페테리아_약 고추장 돌솥비빔밥,"17,12,13,13,10,22,31"
TEST_01_카페테리아_어린이 돈까스,"6,3,5,4,4,11,12"
TEST_01_카페테리아_오픈푸드,"0,1,1,1,2,2,2"
TEST_01_카페테리아_진사골 설렁탕,"0,1,1,1,2,2,2"
TEST_01_카페테리아_짜장면,"13,8,9,5,7,17,16"
TEST_01_카페테리아_짜장밥,"2,1,1,1,2,4,4"
TEST_01_카페테리아_짬뽕,"6,5,4,3,4,7,10"
TEST_01_카페테리아_짬뽕밥,"2,1,2,2,4,5,3"
TEST_01_카페테리아_치즈돈까스,"8,3,4,4,6,7,15"
TEST_01_카페테리아_카페라떼(HOT),"0,1,1,1,2,2,2"
TEST_01_카페테리아_카페라떼(ICE),"0,1,1,1,2,2,2"
TEST_01_카페테리아_한상 삼겹구이 정식(2인) 소요시간 약 15~20분,"13,8,5,5,12,16,19"
TEST_01_포레스트릿_꼬치어묵,"0,1,1,1,2,2,2"
TEST_01_포레스트릿_떡볶이,"2,1,1,1,2,2,3"
TEST_01_포레스트릿_복숭아 아이스티,"0,1,1,1,2,2,2"
TEST_01_포레스트릿_생수,"12,8,4,1,4,8,15"
TEST_01_포레스트릿_스프라이트,"2,1,1,1,2,6,4"
TEST_01_포레스트릿_아메리카노(HOT),"0,1,1,1,2,2,2"
TEST_01_포레스트릿_아메리카노(ICE),"7,4,5,3,4,13,8"
TEST_01_포레스트릿_치즈 핫도그,"2,1,1,1,2,2,3"
TEST_01_포레스트릿_카페라떼(HOT),"0,1,1,1,2,2,2"
TEST_01_포레스트릿_카페라떼(ICE),"3,2,1,2,2,2,5"
TEST_01_포레스트릿_코카콜라,"4,2,1,2,2,3,5"
TEST_01_포레스트릿_페스츄리 소시지,"2,2,1,1,2,2,3"
TEST_01_화담숲주막_느린마을 막걸리,"9,5,4,2,4,14,15"
TEST_01_화담숲주막_단호박 식혜 ,"4,4,3,2,3,10,8"
TEST_01_화담숲주막_병천순대,"9,5,5,4,6,14,16"
TEST_01_화담숲주막_스프라이트,"5,4,2,2,3,8,7"
TEST_01_화담숲주막_참살이 막걸리,"11,7,4,4,6,14,24"
TEST_01_화담숲주막_찹쌀식혜,"10,5,4,4,8,17,13"
TEST_01_화담숲주막_콜라,"5,4,2,2,4,5,7"
TEST_01_화담숲주막_해물파전,"26,23,16,17,20,45,49"
TEST_01_화담숲카페_메밀미숫가루,"30,14,20,18,24,34,49"
TEST_01_화담숲카페_아메리카노 HOT,"1,1,1,1,2,5,3"
TEST_01_화담숲카페_아메리카노 ICE,"21,24,9,9,20,31,26"
TEST_01_화담숲카페_카페라떼 ICE,"6,2,1,8,6,8,9"
TEST_01_화담숲카페_현미뻥스크림,"18,9,6,11,13,28,36"
TEST_02_느티나무 셀프BBQ_1인 수저세트,"13,6,3,6,11,12,9"
TEST_02_느티나무 셀프BBQ_BBQ55(단체),"1,32,66,29,20,2,94"
"TEST_02_느티나무 셀프BBQ_대여료 30,000원","10,6,6,8,10,7,13"
"TEST_02_느티나무 셀프BBQ_대여료 60,000원","6,5,3,4,4,3,6"
"TEST_02_느티나무 셀프BBQ_대여료 90,000원","1,1,2,2,2,2,3"
"TEST_02_느티나무 셀프BBQ_본삼겹 (단품,실내)","2,1,2,2,4,3,3"
TEST_02_느티나무 셀프BBQ_스프라이트 (단체),"1,19,3,4,8,4,37"
TEST_02_느티나무 셀프BBQ_신라면,"2,1,1,1,2,2,3"
TEST_02_느티나무 셀프BBQ_쌈야채세트,"5,4,2,3,14,5,5"
TEST_02_느티나무 셀프BBQ_쌈장,"1,1,1,2,2,3,3"
TEST_02_느티나무 셀프BBQ_육개장 사발면,"2,2,2,3,3,2,3"
TEST_02_느티나무 셀프BBQ_일회용 소주컵,"1,1,1,2,2,3,3"
TEST_02_느티나무 셀프BBQ_일회용 종이컵,"2,2,2,2,2,2,3"
TEST_02_느티나무 셀프BBQ_잔디그늘집 대여료 (12인석),"6,4,5,4,4,3,6"
TEST_02_느티나무 셀프BBQ_잔디그늘집 대여료 (6인석),"31,13,44,32,36,23,28"
TEST_02_느티나무 셀프BBQ_잔디그늘집 의자 추가,"2,2,3,3,3,3,3"
TEST_02_느티나무 셀프BBQ_참이슬 (단체),"1,49,53,2,28,57,57"
TEST_02_느티나무 셀프BBQ_친환경 접시 14cm,"2,1,2,2,4,3,3"
TEST_02_느티나무 셀프BBQ_친환경 접시 23cm,"1,1,1,1,2,2,3"
TEST_02_느티나무 셀프BBQ_카스 병(단체),"1,55,43,2,37,44,77"
TEST_02_느티나무 셀프BBQ_콜라 (단체),"1,30,10,7,9,6,42"
TEST_02_느티나무 셀프BBQ_햇반,"5,2,2,3,4,3,4"
TEST_02_느티나무 셀프BBQ_허브솔트,"1,1,1,1,2,2,3"
TEST_02_담하_(단체) 공깃밥,"1,1,1,1,2,2,3"
TEST_02_담하_(단체) 생목살 김치전골 2.0,"1,1,1,1,56,42,3"
TEST_02_담하_(단체) 은이버섯 갈비탕,"1,1,1,60,37,3,3"
TEST_02_담하_(단체) 한우 우거지 국밥,"8,1,1,1,2,2,3"
TEST_02_담하_(단체) 황태해장국 3/27까지,"47,1,1,41,30,23,47"
TEST_02_담하_(정식) 된장찌개,"3,6,18,18,11,6,7"
TEST_02_담하_(정식) 물냉면 ,"6,7,14,10,12,7,5"
TEST_02_담하_(정식) 비빔냉면,"2,3,8,12,8,4,3"
TEST_02_담하_(후식) 된장찌개,"5,5,4,4,4,5,6"
TEST_02_담하_(후식) 물냉면,"4,2,2,3,6,3,9"
TEST_02_담하_(후식) 비빔냉면,"2,2,2,2,2,3,8"
TEST_02_담하_갑오징어 비빔밥,"1,1,1,1,2,2,3"
TEST_02_담하_갱시기,"3,3,14,5,6,5,5"
TEST_02_담하_공깃밥,"46,27,42,39,44,43,37"
TEST_02_담하_꼬막 비빔밥,"3,10,13,13,6,6,8"
TEST_02_담하_느린마을 막걸리,"1,1,4,3,3,3,3"
TEST_02_담하_담하 한우 불고기,"45,26,27,29,55,34,32"
TEST_02_담하_담하 한우 불고기 정식,"9,14,23,28,26,9,10"
TEST_02_담하_더덕 한우 지짐,"2,2,2,2,2,3,6"
TEST_02_담하_들깨 양지탕,"1,1,1,1,2,2,3"
TEST_02_담하_라면사리,"1,1,1,2,2,2,3"
TEST_02_담하_룸 이용료,"1,1,1,2,2,3,3"
TEST_02_담하_메밀면 사리,"5,2,1,3,5,4,5"
TEST_02_담하_명인안동소주,"1,1,1,1,2,2,3"
TEST_02_담하_명태회 비빔냉면,"6,5,4,7,6,4,5"
TEST_02_담하_문막 복분자 칵테일,"1,1,1,2,2,3,3"
TEST_02_담하_봉평메밀 물냉면,"5,7,9,6,7,4,6"
TEST_02_담하_생목살 김치찌개,"7,10,14,15,17,15,12"
TEST_02_담하_스프라이트,"1,1,1,1,2,3,3"
TEST_02_담하_은이버섯 갈비탕,"6,7,7,10,6,4,6"
TEST_02_담하_제로콜라,"1,2,3,2,2,2,3"
TEST_02_담하_참이슬,"2,1,1,1,2,2,3"
TEST_02_담하_처음처럼,"3,2,2,2,2,2,5"
TEST_02_담하_카스,"2,2,1,2,2,3,3"
TEST_02_담하_콜라,"2,2,2,2,2,3,3"
TEST_02_담하_테라,"1,1,2,2,2,3,3"
TEST_02_담하_하동 매실 칵테일,"1,1,1,2,2,2,3"
TEST_02_담하_한우 떡갈비 정식,"8,6,12,11,19,10,9"
TEST_02_담하_한우 미역국 정식,"10,7,15,14,21,12,8"
TEST_02_담하_한우 우거지 국밥,"15,14,20,9,34,19,13"
TEST_02_담하_한우 차돌박이 된장찌개,"10,9,14,15,15,10,14"
TEST_02_담하_황태해장국,"16,10,7,11,14,18,8"
TEST_02_라그로타_AUS (200g),"2,2,3,3,4,5,4"
TEST_02_라그로타_G-Charge(3),"1,1,1,2,2,3,3"
TEST_02_라그로타_Gls.Sileni,"1,1,2,2,4,5,3"
TEST_02_라그로타_Gls.미션 서드,"2,1,2,2,6,6,4"
TEST_02_라그로타_Open Food,"1,1,1,1,2,2,3"
TEST_02_라그로타_그릴드 비프 샐러드,"2,1,2,4,3,2,3"
TEST_02_라그로타_까르보나라,"1,1,1,1,2,2,3"
TEST_02_라그로타_모둠 해산물 플래터,"2,1,2,2,2,2,4"
TEST_02_라그로타_미션 서드 카베르네 쉬라,"1,1,1,1,2,3,3"
TEST_02_라그로타_버섯 크림 리조또,"4,2,2,5,4,5,7"
TEST_02_라그로타_빵 추가 (1인),"4,3,2,2,2,2,7"
TEST_02_라그로타_스프라이트,"1,1,1,3,3,3,3"
TEST_02_라그로타_시저 샐러드 ,"2,2,3,3,5,3,5"
TEST_02_라그로타_아메리카노,"1,1,1,1,3,3,4"
TEST_02_라그로타_알리오 에 올리오 ,"3,2,3,3,5,4,6"
TEST_02_라그로타_양갈비 (4ps),"3,2,2,3,3,5,6"
TEST_02_라그로타_자몽리치에이드,"1,1,1,2,2,3,3"
TEST_02_라그로타_제로콜라,"1,1,2,2,2,3,3"
TEST_02_라그로타_카스,"1,1,1,2,3,3,3"
TEST_02_라그로타_콜라,"3,2,1,2,2,3,4"
TEST_02_라그로타_하이네켄(생),"3,2,3,3,2,3,3"
TEST_02_라그로타_한우 (200g),"2,2,2,2,2,3,4"
TEST_02_라그로타_해산물 토마토 리조또,"2,1,2,3,3,4,3"
TEST_02_라그로타_해산물 토마토 스튜 파스타,"3,2,2,5,5,5,5"
TEST_02_라그로타_해산물 토마토 스파게티,"3,1,3,5,6,5,3"
"TEST_02_미라시아_(단체)브런치주중 36,000","1,1,3,3,18,12,3"
TEST_02_미라시아_(오븐) 하와이안 쉬림프 피자,"1,1,3,3,4,3,4"
TEST_02_미라시아_(화덕) 불고기 페퍼로니 반반피자,"4,7,4,4,4,9,10"
TEST_02_미라시아_BBQ Platter,"1,1,1,1,2,2,3"
TEST_02_미라시아_BBQ 고기추가,"1,1,1,2,3,3,3"
TEST_02_미라시아_공깃밥,"1,1,1,1,5,5,4"
TEST_02_미라시아_글라스와인 (레드),"1,1,1,1,3,4,3"
TEST_02_미라시아_레인보우칵테일(알코올),"1,1,1,1,2,2,3"
TEST_02_미라시아_미라시아 브런치 (패키지),"7,2,4,7,25,31,25"
TEST_02_미라시아_버드와이저(무제한),"15,8,11,7,7,11,26"
TEST_02_미라시아_보일링 랍스타 플래터,"1,1,1,1,2,2,3"
TEST_02_미라시아_보일링 랍스타 플래터(덜매운맛),"1,1,1,1,2,2,3"
TEST_02_미라시아_브런치 2인 패키지 ,"3,2,1,2,5,7,9"
TEST_02_미라시아_브런치 4인 패키지 ,"1,1,1,1,2,2,3"
TEST_02_미라시아_브런치(대인) 주말,"136,125,64,63,216,49,21"
TEST_02_미라시아_브런치(대인) 주중,"0,22,26,7,16,117,27"
TEST_02_미라시아_브런치(어린이),"26,20,25,31,50,38,32"
TEST_02_미라시아_쉬림프 투움바 파스타,"4,3,4,7,6,7,8"
TEST_02_미라시아_스텔라(무제한),"4,3,8,6,6,5,8"
TEST_02_미라시아_스프라이트,"4,2,2,4,3,3,6"
TEST_02_미라시아_애플망고 에이드,"4,2,4,5,4,9,9"
TEST_02_미라시아_얼그레이 하이볼,"1,1,1,1,2,3,3"
TEST_02_미라시아_오븐구이 윙과 킬바사소세지,"2,1,1,4,5,5,6"
TEST_02_미라시아_유자 하이볼,"1,1,2,2,2,2,3"
TEST_02_미라시아_잭 애플 토닉,"2,2,1,2,3,2,3"
TEST_02_미라시아_칠리 치즈 프라이,"1,1,1,2,3,4,5"
TEST_02_미라시아_코카콜라,"2,2,3,2,6,5,4"
TEST_02_미라시아_코카콜라(제로),"3,2,1,2,5,3,4"
TEST_02_미라시아_콥 샐러드,"2,1,3,3,3,6,7"
TEST_02_미라시아_파스타면 추가(150g),"1,1,1,5,4,3,4"
TEST_02_미라시아_핑크레몬에이드,"1,1,1,3,3,2,3"
TEST_02_연회장_Cass Beer,"1,1,65,51,20,29,3"
TEST_02_연회장_Conference L1,"1,1,1,1,2,2,3"
TEST_02_연회장_Conference L2,"1,1,1,1,2,2,3"
TEST_02_연회장_Conference L3,"1,1,1,1,2,2,3"
TEST_02_연회장_Conference M1,"1,1,1,2,2,2,3"
TEST_02_연회장_Conference M8,"1,1,1,1,2,2,3"
TEST_02_연회장_Conference M9,"1,1,1,1,2,2,3"
TEST_02_연회장_Convention Hall,"1,1,1,1,2,2,3"
TEST_02_연회장_Cookie Platter,"1,1,1,1,3,3,3"
TEST_02_연회장_Grand Ballroom,"1,1,1,2,2,2,3"
TEST_02_연회장_OPUS 2,"1,1,1,2,2,2,3"
TEST_02_연회장_Regular Coffee,"1,1,1,38,67,14,3"
TEST_02_연회장_골뱅이무침,"3,2,2,3,3,3,7"
TEST_02_연회장_공깃밥,"3,2,1,3,3,3,4"
TEST_02_연회장_돈목살 김치찌개 (밥포함),"3,2,2,4,3,5,5"
TEST_02_연회장_로제 치즈떡볶이,"1,2,2,3,5,4,3"
TEST_02_연회장_마라샹궈,"1,1,1,1,2,4,4"
TEST_02_연회장_매콤 무뼈닭발&계란찜,"1,1,1,2,2,2,3"
TEST_02_연회장_모둠 돈육구이(3인),"4,2,1,12,6,4,8"
TEST_02_연회장_삼겹살추가 (200g),"1,1,1,1,2,2,4"
TEST_02_연회장_야채추가,"1,1,1,1,2,3,4"
TEST_02_연회장_왕갈비치킨,"3,2,2,3,4,6,6"
TEST_02_연회장_주먹밥 (2ea),"1,1,1,3,3,3,3"
TEST_02_카페테리아_공깃밥(추가),"5,5,6,6,7,3,8"
TEST_02_카페테리아_구슬아이스크림,"1,1,1,1,2,2,3"
TEST_02_카페테리아_단체식 13000(신),"26,1,23,26,20,49,21"
TEST_02_카페테리아_단체식 18000(신),"14,26,92,56,46,37,42"
TEST_02_카페테리아_돼지고기 김치찌개,"8,4,7,11,9,5,8"
TEST_02_카페테리아_복숭아 아이스티,"1,1,1,1,2,2,3"
TEST_02_카페테리아_새우 볶음밥,"8,4,4,10,8,6,8"
TEST_02_카페테리아_새우튀김 우동,"1,1,1,1,2,2,3"
TEST_02_카페테리아_샷 추가,"1,1,1,1,2,2,3"
TEST_02_카페테리아_수제 등심 돈까스,"19,9,13,21,16,13,18"
TEST_02_카페테리아_아메리카노(HOT),"1,1,1,2,2,3,3"
TEST_02_카페테리아_아메리카노(ICE),"1,1,1,1,2,3,3"
TEST_02_카페테리아_약 고추장 돌솥비빔밥,"13,9,17,37,16,13,18"
TEST_02_카페테리아_어린이 돈까스,"6,3,5,6,7,4,7"
TEST_02_카페테리아_오픈푸드,"1,1,1,1,2,2,3"
TEST_02_카페테리아_진사골 설렁탕,"1,1,1,1,2,2,3"
TEST_02_카페테리아_짜장면,"12,7,11,12,11,8,10"
TEST_02_카페테리아_짜장밥,"2,1,3,3,3,3,3"
TEST_02_카페테리아_짬뽕,"6,3,10,13,8,3,9"
TEST_02_카페테리아_짬뽕밥,"3,2,3,2,2,4,6"
TEST_02_카페테리아_치즈돈까스,"9,6,9,6,9,7,10"
TEST_02_카페테리아_카페라떼(HOT),"1,1,1,1,2,2,3"
TEST_02_카페테리아_카페라떼(ICE),"1,1,1,2,2,3,3"
TEST_02_카페테리아_한상 삼겹구이 정식(2인) 소요시간 약 15~20분,"12,6,8,12,11,8,10"
TEST_02_포레스트릿_꼬치어묵,"1,2,3,3,4,3,3"
TEST_02_포레스트릿_떡볶이,"2,3,3,4,5,3,3"
TEST_02_포레스트릿_복숭아 아이스티,"1,1,1,1,2,2,3"
TEST_02_포레스트릿_생수,"11,6,13,23,22,4,5"
TEST_02_포레스트릿_스프라이트,"4,6,6,6,10,4,4"
TEST_02_포레스트릿_아메리카노(HOT),"1,1,1,1,2,3,3"
TEST_02_포레스트릿_아메리카노(ICE),"8,6,12,14,18,6,5"
TEST_02_포레스트릿_치즈 핫도그,"1,3,3,3,4,3,3"
TEST_02_포레스트릿_카페라떼(HOT),"1,1,1,2,2,3,3"
TEST_02_포레스트릿_카페라떼(ICE),"4,4,4,2,4,3,4"
TEST_02_포레스트릿_코카콜라,"5,10,5,11,10,4,5"
TEST_02_포레스트릿_페스츄리 소시지,"1,1,1,2,2,3,3"
TEST_02_화담숲주막_느린마을 막걸리,"25,12,38,31,33,16,22"
TEST_02_화담숲주막_단호박 식혜 ,"15,8,27,33,26,12,12"
TEST_02_화담숲주막_병천순대,"23,22,37,38,45,17,18"
TEST_02_화담숲주막_스프라이트,"11,30,18,21,16,7,6"
TEST_02_화담숲주막_참살이 막걸리,"13,19,21,23,17,8,7"
TEST_02_화담숲주막_찹쌀식혜,"21,34,42,40,25,14,22"
TEST_02_화담숲주막_콜라,"9,18,23,21,21,10,5"
TEST_02_화담숲주막_해물파전,"53,73,36,121,85,49,36"
TEST_02_화담숲카페_메밀미숫가루,"63,62,64,85,58,39,25"
TEST_02_화담숲카페_아메리카노 HOT,"4,6,8,5,7,4,7"
TEST_02_화담숲카페_아메리카노 ICE,"53,83,60,81,45,31,25"
TEST_02_화담숲카페_카페라떼 ICE,"16,8,30,28,37,9,13"
TEST_02_화담숲카페_현미뻥스크림,"45,57,56,53,50,23,22"
TEST_03_느티나무 셀프BBQ_1인 수저세트,"11,6,3,1,2,7,11"
TEST_03_느티나무 셀프BBQ_BBQ55(단체),"14,61,57,27,32,147,43"
"TEST_03_느티나무 셀프BBQ_대여료 30,000원","6,6,10,2,4,8,11"
"TEST_03_느티나무 셀프BBQ_대여료 60,000원","5,3,2,1,2,3,5"
"TEST_03_느티나무 셀프BBQ_대여료 90,000원","1,1,1,1,2,3,3"
"TEST_03_느티나무 셀프BBQ_본삼겹 (단품,실내)","1,1,1,3,3,3,3"
TEST_03_느티나무 셀프BBQ_스프라이트 (단체),"8,19,25,10,31,64,27"
TEST_03_느티나무 셀프BBQ_신라면,"3,2,5,4,8,6,4"
TEST_03_느티나무 셀프BBQ_쌈야채세트,"5,4,10,3,4,5,5"
TEST_03_느티나무 셀프BBQ_쌈장,"1,1,2,1,2,3,3"
TEST_03_느티나무 셀프BBQ_육개장 사발면,"1,1,2,2,3,2,4"
TEST_03_느티나무 셀프BBQ_일회용 소주컵,"1,1,1,1,2,3,3"
TEST_03_느티나무 셀프BBQ_일회용 종이컵,"1,1,2,2,2,2,3"
TEST_03_느티나무 셀프BBQ_잔디그늘집 대여료 (12인석),"5,3,2,3,6,7,8"
TEST_03_느티나무 셀프BBQ_잔디그늘집 대여료 (6인석),"42,33,21,6,27,19,44"
TEST_03_느티나무 셀프BBQ_잔디그늘집 의자 추가,"3,2,1,1,2,3,4"
TEST_03_느티나무 셀프BBQ_참이슬 (단체),"0,21,48,34,140,102,0"
TEST_03_느티나무 셀프BBQ_친환경 접시 14cm,"1,1,2,2,2,3,3"
TEST_03_느티나무 셀프BBQ_친환경 접시 23cm,"1,1,1,1,2,3,3"
TEST_03_느티나무 셀프BBQ_카스 병(단체),"0,47,56,35,61,128,44"
TEST_03_느티나무 셀프BBQ_콜라 (단체),"11,23,25,10,32,66,23"
TEST_03_느티나무 셀프BBQ_햇반,"2,2,2,1,2,3,3"
TEST_03_느티나무 셀프BBQ_허브솔트,"1,2,2,1,3,3,3"
TEST_03_담하_(단체) 공깃밥,"1,1,2,7,6,3,7"
TEST_03_담하_(단체) 생목살 김치전골 2.0,"1,12,15,48,55,45,7"
TEST_03_담하_(단체) 은이버섯 갈비탕,"2,13,18,72,92,4,33"
TEST_03_담하_(단체) 한우 우거지 국밥,"32,7,39,26,56,30,11"
TEST_03_담하_(단체) 황태해장국 3/27까지,"0,21,27,167,51,20,89"
TEST_03_담하_(정식) 된장찌개,"17,7,11,12,17,27,21"
TEST_03_담하_(정식) 물냉면 ,"8,4,4,4,9,11,6"
TEST_03_담하_(정식) 비빔냉면,"9,5,10,6,5,13,7"
TEST_03_담하_(후식) 된장찌개,"5,3,3,3,6,7,8"
TEST_03_담하_(후식) 물냉면,"2,2,2,2,2,2,3"
TEST_03_담하_(후식) 비빔냉면,"4,2,1,2,2,2,3"
TEST_03_담하_갑오징어 비빔밥,"1,1,1,1,2,2,3"
TEST_03_담하_갱시기,"4,4,4,3,4,5,7"
TEST_03_담하_공깃밥,"58,37,38,27,34,61,70"
TEST_03_담하_꼬막 비빔밥,"10,7,6,4,8,9,24"
TEST_03_담하_느린마을 막걸리,"4,7,1,2,3,3,5"
TEST_03_담하_담하 한우 불고기,"39,8,26,23,28,36,46"
TEST_03_담하_담하 한우 불고기 정식,"24,9,18,18,22,32,29"
TEST_03_담하_더덕 한우 지짐,"1,1,1,2,2,2,3"
TEST_03_담하_들깨 양지탕,"1,1,1,1,2,2,3"
TEST_03_담하_라면사리,"1,3,1,3,3,3,3"
TEST_03_담하_룸 이용료,"1,1,1,1,2,2,4"
TEST_03_담하_메밀면 사리,"4,2,1,2,2,3,5"
TEST_03_담하_명인안동소주,"1,1,1,2,2,4,4"
TEST_03_담하_명태회 비빔냉면,"4,3,3,4,3,3,5"
TEST_03_담하_문막 복분자 칵테일,"3,2,1,1,2,2,5"
TEST_03_담하_봉평메밀 물냉면,"4,2,1,2,3,3,5"
TEST_03_담하_생목살 김치찌개,"18,5,10,6,9,22,17"
TEST_03_담하_스프라이트,"2,1,1,2,2,2,3"
TEST_03_담하_은이버섯 갈비탕,"7,3,8,5,7,10,9"
TEST_03_담하_제로콜라,"1,1,1,2,2,3,3"
TEST_03_담하_참이슬,"7,3,3,3,2,3,8"
TEST_03_담하_처음처럼,"1,1,1,1,2,2,5"
TEST_03_담하_카스,"4,2,2,3,2,3,5"
TEST_03_담하_콜라,"1,1,1,1,2,3,3"
TEST_03_담하_테라,"1,1,1,1,2,3,3"
TEST_03_담하_하동 매실 칵테일,"1,1,1,2,2,3,3"
TEST_03_담하_한우 떡갈비 정식,"9,4,4,3,2,7,10"
TEST_03_담하_한우 미역국 정식,"14,10,6,6,11,14,18"
TEST_03_담하_한우 우거지 국밥,"19,17,14,13,40,23,24"
TEST_03_담하_한우 차돌박이 된장찌개,"19,9,14,16,31,18,20"
TEST_03_담하_황태해장국,"16,7,8,10,22,22,18"
TEST_03_라그로타_AUS (200g),"4,4,3,2,4,4,7"
TEST_03_라그로타_G-Charge(3),"1,1,1,2,2,3,3"
TEST_03_라그로타_Gls.Sileni,"2,1,1,1,4,4,5"
TEST_03_라그로타_Gls.미션 서드,"4,4,2,3,4,5,7"
TEST_03_라그로타_Open Food,"1,1,1,2,3,2,4"
TEST_03_라그로타_그릴드 비프 샐러드,"5,2,2,3,4,3,7"
TEST_03_라그로타_까르보나라,"1,1,1,1,2,2,3"
TEST_03_라그로타_모둠 해산물 플래터,"2,2,2,1,2,3,4"
TEST_03_라그로타_미션 서드 카베르네 쉬라,"2,2,1,2,2,2,3"
TEST_03_라그로타_버섯 크림 리조또,"11,6,3,6,6,6,14"
TEST_03_라그로타_빵 추가 (1인),"1,2,2,1,2,5,4"
TEST_03_라그로타_스프라이트,"1,1,1,1,2,3,3"
TEST_03_라그로타_시저 샐러드 ,"3,3,2,4,4,5,10"
TEST_03_라그로타_아메리카노,"4,2,1,1,3,4,4"
TEST_03_라그로타_알리오 에 올리오 ,"8,4,2,2,6,7,13"
TEST_03_라그로타_양갈비 (4ps),"4,4,2,3,3,6,8"
TEST_03_라그로타_자몽리치에이드,"3,2,1,2,3,3,4"
TEST_03_라그로타_제로콜라,"4,5,2,1,2,5,10"
TEST_03_라그로타_카스,"2,2,1,2,3,3,3"
TEST_03_라그로타_콜라,"8,7,2,2,4,3,8"
TEST_03_라그로타_하이네켄(생),"2,2,1,2,4,3,4"
TEST_03_라그로타_한우 (200g),"3,2,2,2,4,5,6"
TEST_03_라그로타_해산물 토마토 리조또,"3,2,1,4,6,4,9"
TEST_03_라그로타_해산물 토마토 스튜 파스타,"10,5,2,4,7,7,13"
TEST_03_라그로타_해산물 토마토 스파게티,"12,4,2,4,6,7,12"
"TEST_03_미라시아_(단체)브런치주중 36,000","9,1,132,107,124,103,99"
TEST_03_미라시아_(오븐) 하와이안 쉬림프 피자,"1,2,2,2,3,3,3"
TEST_03_미라시아_(화덕) 불고기 페퍼로니 반반피자,"6,4,4,4,4,4,9"
TEST_03_미라시아_BBQ Platter,"7,5,5,3,4,3,12"
TEST_03_미라시아_BBQ 고기추가,"1,1,1,2,2,3,3"
TEST_03_미라시아_공깃밥,"2,2,2,1,2,2,3"
TEST_03_미라시아_글라스와인 (레드),"1,3,2,1,2,2,3"
TEST_03_미라시아_레인보우칵테일(알코올),"2,1,1,1,2,3,3"
TEST_03_미라시아_미라시아 브런치 (패키지),"21,17,19,31,22,18,17"
TEST_03_미라시아_버드와이저(무제한),"6,5,4,2,3,3,4"
TEST_03_미라시아_보일링 랍스타 플래터,"3,2,2,1,3,3,6"
TEST_03_미라시아_보일링 랍스타 플래터(덜매운맛),"1,1,2,2,3,3,4"
TEST_03_미라시아_브런치 2인 패키지 ,"4,3,4,4,8,6,6"
TEST_03_미라시아_브런치 4인 패키지 ,"1,1,1,1,2,3,3"
TEST_03_미라시아_브런치(대인) 주말,"150,107,49,2,2,3,23"
TEST_03_미라시아_브런치(대인) 주중,"11,52,138,113,74,96,52"
TEST_03_미라시아_브런치(어린이),"23,21,11,8,8,6,11"
TEST_03_미라시아_쉬림프 투움바 파스타,"4,3,3,3,5,3,7"
TEST_03_미라시아_스텔라(무제한),"7,3,2,2,2,2,5"
TEST_03_미라시아_스프라이트,"1,1,1,2,2,3,3"
TEST_03_미라시아_애플망고 에이드,"3,3,4,4,4,4,5"
TEST_03_미라시아_얼그레이 하이볼,"2,2,2,1,2,3,3"
TEST_03_미라시아_오븐구이 윙과 킬바사소세지,"4,2,2,1,2,3,4"
TEST_03_미라시아_유자 하이볼,"1,2,2,1,2,3,3"
TEST_03_미라시아_잭 애플 토닉,"2,1,2,2,2,3,3"
TEST_03_미라시아_칠리 치즈 프라이,"1,2,2,1,2,3,3"
TEST_03_미라시아_코카콜라,"2,1,1,1,2,3,12"
TEST_03_미라시아_코카콜라(제로),"1,1,2,2,3,3,5"
TEST_03_미라시아_콥 샐러드,"2,4,4,5,4,4,5"
TEST_03_미라시아_파스타면 추가(150g),"2,2,2,1,2,3,4"
TEST_03_미라시아_핑크레몬에이드,"1,1,1,1,2,3,3"
TEST_03_연회장_Cass Beer,"0,63,90,71,61,85,46"
TEST_03_연회장_Conference L1,"1,1,1,1,2,3,3"
TEST_03_연회장_Conference L2,"1,1,1,1,2,2,3"
TEST_03_연회장_Conference L3,"1,1,1,1,2,2,3"
TEST_03_연회장_Conference M1,"1,1,1,1,2,3,3"
TEST_03_연회장_Conference M8,"1,1,1,1,2,3,3"
TEST_03_연회장_Conference M9,"1,1,1,1,2,3,4"
TEST_03_연회장_Convention Hall,"1,1,1,1,2,3,3"
TEST_03_연회장_Cookie Platter,"3,7,14,9,6,7,13"
TEST_03_연회장_Grand Ballroom,"1,1,1,1,3,3,3"
TEST_03_연회장_OPUS 2,"1,1,1,1,2,3,3"
TEST_03_연회장_Regular Coffee,"19,91,45,64,66,123,81"
TEST_03_연회장_골뱅이무침,"6,3,1,1,2,3,8"
TEST_03_연회장_공깃밥,"3,2,1,1,2,3,7"
TEST_03_연회장_돈목살 김치찌개 (밥포함),"4,2,1,1,2,3,8"
TEST_03_연회장_로제 치즈떡볶이,"1,1,1,1,2,2,4"
TEST_03_연회장_마라샹궈,"2,2,1,1,2,3,3"
TEST_03_연회장_매콤 무뼈닭발&계란찜,"2,2,1,1,2,2,6"
TEST_03_연회장_모둠 돈육구이(3인),"6,3,1,1,2,3,12"
TEST_03_연회장_삼겹살추가 (200g),"1,1,1,2,2,3,6"
TEST_03_연회장_야채추가,"2,2,1,1,2,3,6"
TEST_03_연회장_왕갈비치킨,"4,2,1,1,2,2,10"
TEST_03_연회장_주먹밥 (2ea),"2,2,1,2,2,3,5"
TEST_03_카페테리아_공깃밥(추가),"9,5,6,5,6,6,9"
TEST_03_카페테리아_구슬아이스크림,"1,1,1,1,2,2,3"
TEST_03_카페테리아_단체식 13000(신),"13,29,97,96,107,274,104"
TEST_03_카페테리아_단체식 18000(신),"0,88,95,58,95,176,77"
TEST_03_카페테리아_돼지고기 김치찌개,"14,11,10,4,14,9,13"
TEST_03_카페테리아_복숭아 아이스티,"1,1,1,1,2,2,3"
TEST_03_카페테리아_새우 볶음밥,"12,10,10,5,6,6,11"
TEST_03_카페테리아_새우튀김 우동,"1,1,1,1,2,2,3"
TEST_03_카페테리아_샷 추가,"1,1,1,1,2,2,3"
TEST_03_카페테리아_수제 등심 돈까스,"30,25,21,15,24,32,33"
TEST_03_카페테리아_아메리카노(HOT),"1,1,1,2,2,3,3"
TEST_03_카페테리아_아메리카노(ICE),"1,1,1,3,3,4,4"
TEST_03_카페테리아_약 고추장 돌솥비빔밥,"26,23,33,23,41,43,40"
TEST_03_카페테리아_어린이 돈까스,"10,7,4,2,2,3,10"
TEST_03_카페테리아_오픈푸드,"1,1,1,1,6,4,3"
TEST_03_카페테리아_진사골 설렁탕,"1,1,1,1,2,2,3"
TEST_03_카페테리아_짜장면,"14,8,9,6,8,9,13"
TEST_03_카페테리아_짜장밥,"2,2,4,2,2,3,3"
TEST_03_카페테리아_짬뽕,"7,7,5,3,7,8,6"
TEST_03_카페테리아_짬뽕밥,"3,2,3,3,3,4,5"
TEST_03_카페테리아_치즈돈까스,"14,7,5,3,7,12,19"
TEST_03_카페테리아_카페라떼(HOT),"1,1,1,1,3,3,3"
TEST_03_카페테리아_카페라떼(ICE),"1,1,1,1,2,3,3"
TEST_03_카페테리아_한상 삼겹구이 정식(2인) 소요시간 약 15~20분,"16,11,12,8,10,9,20"
TEST_03_포레스트릿_꼬치어묵,"16,21,9,2,6,17,17"
TEST_03_포레스트릿_떡볶이,"16,7,4,2,5,8,16"
TEST_03_포레스트릿_복숭아 아이스티,"1,1,1,1,2,2,3"
TEST_03_포레스트릿_생수,"18,14,8,2,4,8,17"
TEST_03_포레스트릿_스프라이트,"3,2,1,1,2,3,4"
TEST_03_포레스트릿_아메리카노(HOT),"12,17,9,3,8,16,16"
TEST_03_포레스트릿_아메리카노(ICE),"37,29,15,4,6,16,24"
TEST_03_포레스트릿_치즈 핫도그,"27,30,35,2,16,8,21"
TEST_03_포레스트릿_카페라떼(HOT),"11,6,6,2,4,4,13"
TEST_03_포레스트릿_카페라떼(ICE),"8,4,2,4,2,3,7"
TEST_03_포레스트릿_코카콜라,"5,2,2,2,2,3,5"
TEST_03_포레스트릿_페스츄리 소시지,"8,6,6,2,3,5,6"
TEST_03_화담숲주막_느린마을 막걸리,"83,37,111,106,160,111,108"
TEST_03_화담숲주막_단호박 식혜 ,"78,58,33,23,51,50,54"
TEST_03_화담숲주막_병천순대,"124,75,108,68,128,106,81"
TEST_03_화담숲주막_스프라이트,"55,39,24,20,35,28,61"
TEST_03_화담숲주막_참살이 막걸리,"77,31,43,63,89,95,29"
TEST_03_화담숲주막_찹쌀식혜,"169,45,64,52,90,75,143"
TEST_03_화담숲주막_콜라,"79,71,47,27,59,57,72"
TEST_03_화담숲주막_해물파전,"455,404,195,217,627,585,560"
TEST_03_화담숲카페_메밀미숫가루,"121,70,70,64,113,110,140"
TEST_03_화담숲카페_아메리카노 HOT,"64,43,72,80,53,174,52"
TEST_03_화담숲카페_아메리카노 ICE,"116,46,93,43,110,81,130"
TEST_03_화담숲카페_카페라떼 ICE,"27,7,20,23,28,41,47"
TEST_03_화담숲카페_현미뻥스크림,"170,36,70,67,114,46,112"
TEST_04_느티나무 셀프BBQ_1인 수저세트,"9,5,2,1,1,2,9"
TEST_04_느티나무 셀프BBQ_BBQ55(단체),"2,1,25,6,53,27,39"
"TEST_04_느티나무 셀프BBQ_대여료 30,000원","12,5,2,1,2,4,10"
"TEST_04_느티나무 셀프BBQ_대여료 60,000원","5,4,2,3,1,2,7"
"TEST_04_느티나무 셀프BBQ_대여료 90,000원","1,1,1,1,1,2,3"
"TEST_04_느티나무 셀프BBQ_본삼겹 (단품,실내)","3,1,0,1,1,2,5"
TEST_04_느티나무 셀프BBQ_스프라이트 (단체),"0,1,1,20,21,20,0"
TEST_04_느티나무 셀프BBQ_신라면,"0,1,0,1,1,2,2"
TEST_04_느티나무 셀프BBQ_쌈야채세트,"6,2,0,1,1,2,4"
TEST_04_느티나무 셀프BBQ_쌈장,"1,1,1,1,1,2,2"
TEST_04_느티나무 셀프BBQ_육개장 사발면,"4,2,1,2,2,2,5"
TEST_04_느티나무 셀프BBQ_일회용 소주컵,"1,1,1,1,1,2,2"
TEST_04_느티나무 셀프BBQ_일회용 종이컵,"0,1,0,1,1,2,2"
TEST_04_느티나무 셀프BBQ_잔디그늘집 대여료 (12인석),"0,1,0,1,1,2,2"
TEST_04_느티나무 셀프BBQ_잔디그늘집 대여료 (6인석),"0,1,0,1,1,2,2"
TEST_04_느티나무 셀프BBQ_잔디그늘집 의자 추가,"0,1,0,1,1,2,2"
TEST_04_느티나무 셀프BBQ_참이슬 (단체),"16,1,3,80,74,40,33"
TEST_04_느티나무 셀프BBQ_친환경 접시 14cm,"2,1,1,1,1,2,3"
TEST_04_느티나무 셀프BBQ_친환경 접시 23cm,"0,1,1,1,1,2,2"
TEST_04_느티나무 셀프BBQ_카스 병(단체),"8,1,8,101,59,39,27"
TEST_04_느티나무 셀프BBQ_콜라 (단체),"0,1,3,22,20,19,2"
TEST_04_느티나무 셀프BBQ_햇반,"1,1,1,1,1,2,2"
TEST_04_느티나무 셀프BBQ_허브솔트,"1,1,1,1,1,2,2"
TEST_04_담하_(단체) 공깃밥,"1,1,1,1,1,2,2"
TEST_04_담하_(단체) 생목살 김치전골 2.0,"0,49,6,5,1,12,13"
TEST_04_담하_(단체) 은이버섯 갈비탕,"0,1,3,6,33,16,9"
TEST_04_담하_(단체) 한우 우거지 국밥,"15,1,1,5,9,2,2"
TEST_04_담하_(단체) 황태해장국 3/27까지,"6,69,107,1,12,80,77"
TEST_04_담하_(정식) 된장찌개,"18,16,12,6,8,11,11"
TEST_04_담하_(정식) 물냉면 ,"4,3,2,1,2,2,4"
TEST_04_담하_(정식) 비빔냉면,"7,4,3,1,2,3,4"
TEST_04_담하_(후식) 된장찌개,"2,1,1,1,2,2,3"
TEST_04_담하_(후식) 물냉면,"2,1,1,1,1,2,3"
TEST_04_담하_(후식) 비빔냉면,"2,1,1,1,1,5,4"
TEST_04_담하_갑오징어 비빔밥,"0,1,0,1,1,2,2"
TEST_04_담하_갱시기,"4,3,2,2,14,6,3"
TEST_04_담하_공깃밥,"35,31,12,8,15,18,38"
TEST_04_담하_꼬막 비빔밥,"7,5,2,1,2,3,7"
TEST_04_담하_느린마을 막걸리,"1,1,1,1,2,2,2"
TEST_04_담하_담하 한우 불고기,"19,22,9,10,10,11,21"
TEST_04_담하_담하 한우 불고기 정식,"16,21,9,4,8,11,24"
TEST_04_담하_더덕 한우 지짐,"0,1,1,2,2,2,2"
TEST_04_담하_들깨 양지탕,"0,1,0,1,1,2,2"
TEST_04_담하_라면사리,"0,0,1,1,3,2,2"
TEST_04_담하_룸 이용료,"0,1,1,1,2,2,3"
TEST_04_담하_메밀면 사리,"2,2,1,1,1,2,3"
TEST_04_담하_명인안동소주,"0,0,1,1,5,3,2"
TEST_04_담하_명태회 비빔냉면,"1,1,1,1,1,1,3"
TEST_04_담하_문막 복분자 칵테일,"1,1,1,1,1,2,3"
TEST_04_담하_봉평메밀 물냉면,"3,1,1,1,1,2,4"
TEST_04_담하_생목살 김치찌개,"15,8,6,9,7,8,15"
TEST_04_담하_스프라이트,"1,1,1,1,1,2,2"
TEST_04_담하_은이버섯 갈비탕,"5,4,3,6,7,15,12"
TEST_04_담하_제로콜라,"0,0,1,1,1,2,2"
TEST_04_담하_참이슬,"3,4,2,1,5,4,5"
TEST_04_담하_처음처럼,"0,1,1,1,1,2,2"
TEST_04_담하_카스,"3,2,1,1,4,3,4"
TEST_04_담하_콜라,"1,1,1,1,2,2,2"
TEST_04_담하_테라,"1,1,0,1,1,2,3"
TEST_04_담하_하동 매실 칵테일,"1,1,1,1,1,2,2"
TEST_04_담하_한우 떡갈비 정식,"13,6,3,0,1,2,11"
TEST_04_담하_한우 미역국 정식,"6,4,5,2,2,6,5"
TEST_04_담하_한우 우거지 국밥,"9,7,9,8,5,4,14"
TEST_04_담하_한우 차돌박이 된장찌개,"12,9,7,5,5,7,20"
TEST_04_담하_황태해장국,"9,4,8,6,15,10,5"
TEST_04_라그로타_AUS (200g),"2,2,1,1,2,2,3"
TEST_04_라그로타_G-Charge(3),"2,1,1,0,1,2,3"
TEST_04_라그로타_Gls.Sileni,"2,1,1,1,1,2,3"
TEST_04_라그로타_Gls.미션 서드,"3,3,1,2,2,2,4"
TEST_04_라그로타_Open Food,"1,1,1,1,1,2,2"
TEST_04_라그로타_그릴드 비프 샐러드,"4,4,2,1,2,2,4"
TEST_04_라그로타_까르보나라,"0,1,0,1,1,2,2"
TEST_04_라그로타_모둠 해산물 플래터,"2,1,1,0,1,2,4"
TEST_04_라그로타_미션 서드 카베르네 쉬라,"1,1,0,1,1,2,8"
TEST_04_라그로타_버섯 크림 리조또,"7,5,2,1,1,3,5"
TEST_04_라그로타_빵 추가 (1인),"2,1,1,1,1,2,3"
TEST_04_라그로타_스프라이트,"1,1,1,1,1,2,2"
TEST_04_라그로타_시저 샐러드 ,"7,5,1,0,1,2,4"
TEST_04_라그로타_아메리카노,"2,1,1,1,1,2,3"
TEST_04_라그로타_알리오 에 올리오 ,"10,5,2,1,1,3,7"
TEST_04_라그로타_양갈비 (4ps),"0,1,1,0,1,2,2"
TEST_04_라그로타_자몽리치에이드,"1,1,1,1,1,2,2"
TEST_04_라그로타_제로콜라,"1,1,0,1,1,2,3"
TEST_04_라그로타_카스,"3,5,3,3,1,3,4"
TEST_04_라그로타_콜라,"1,1,0,1,1,2,2"
TEST_04_라그로타_하이네켄(생),"4,2,1,1,1,2,4"
TEST_04_라그로타_한우 (200g),"11,6,2,1,3,2,9"
TEST_04_라그로타_해산물 토마토 리조또,"3,2,1,0,1,3,4"
TEST_04_라그로타_해산물 토마토 스튜 파스타,"9,5,1,2,2,5,8"
TEST_04_라그로타_해산물 토마토 스파게티,"6,3,2,1,1,4,7"
"TEST_04_미라시아_(단체)브런치주중 36,000","15,46,42,79,75,79,34"
TEST_04_미라시아_(오븐) 하와이안 쉬림프 피자,"2,1,1,1,1,2,5"
TEST_04_미라시아_(화덕) 불고기 페퍼로니 반반피자,"6,3,2,1,1,2,6"
TEST_04_미라시아_BBQ Platter,"10,4,1,1,4,3,12"
TEST_04_미라시아_BBQ 고기추가,"0,1,1,1,1,2,2"
TEST_04_미라시아_공깃밥,"1,1,1,1,1,2,2"
TEST_04_미라시아_글라스와인 (레드),"0,1,1,1,2,2,2"
TEST_04_미라시아_레인보우칵테일(알코올),"1,1,1,1,1,2,2"
TEST_04_미라시아_미라시아 브런치 (패키지),"24,16,9,9,11,21,26"
TEST_04_미라시아_버드와이저(무제한),"9,4,2,0,1,2,11"
TEST_04_미라시아_보일링 랍스타 플래터,"3,1,1,1,1,2,3"
TEST_04_미라시아_보일링 랍스타 플래터(덜매운맛),"1,1,1,1,1,2,2"
TEST_04_미라시아_브런치 2인 패키지 ,"7,5,3,1,1,2,6"
TEST_04_미라시아_브런치 4인 패키지 ,"0,1,1,1,1,2,2"
TEST_04_미라시아_브런치(대인) 주말,"171,80,59,1,1,2,14"
TEST_04_미라시아_브런치(대인) 주중,"10,59,74,37,20,52,29"
TEST_04_미라시아_브런치(어린이),"26,17,11,4,2,5,15"
TEST_04_미라시아_쉬림프 투움바 파스타,"6,3,2,1,1,2,7"
TEST_04_미라시아_스텔라(무제한),"5,2,1,1,4,2,26"
TEST_04_미라시아_스프라이트,"1,1,1,1,1,2,3"
TEST_04_미라시아_애플망고 에이드,"4,4,1,1,3,2,4"
TEST_04_미라시아_얼그레이 하이볼,"0,1,1,1,1,2,2"
TEST_04_미라시아_오븐구이 윙과 킬바사소세지,"2,2,1,1,1,2,4"
TEST_04_미라시아_유자 하이볼,"0,1,1,1,1,2,2"
TEST_04_미라시아_잭 애플 토닉,"3,1,1,1,1,2,4"
TEST_04_미라시아_칠리 치즈 프라이,"1,1,1,1,1,2,2"
TEST_04_미라시아_코카콜라,"5,2,1,1,1,2,6"
TEST_04_미라시아_코카콜라(제로),"2,1,1,1,1,3,5"
TEST_04_미라시아_콥 샐러드,"4,1,1,1,2,3,3"
TEST_04_미라시아_파스타면 추가(150g),"2,1,1,1,1,2,3"
TEST_04_미라시아_핑크레몬에이드,"0,0,1,1,1,2,2"
TEST_04_연회장_Cass Beer,"2,12,33,56,48,25,53"
TEST_04_연회장_Conference L1,"0,1,1,1,1,2,2"
TEST_04_연회장_Conference L2,"0,0,1,1,1,2,2"
TEST_04_연회장_Conference L3,"0,1,0,1,1,2,2"
TEST_04_연회장_Conference M1,"0,0,1,1,1,2,2"
TEST_04_연회장_Conference M8,"0,1,0,1,1,2,2"
TEST_04_연회장_Conference M9,"0,1,1,1,1,2,2"
TEST_04_연회장_Convention Hall,"0,1,1,1,1,2,3"
TEST_04_연회장_Cookie Platter,"0,2,1,7,7,6,6"
TEST_04_연회장_Grand Ballroom,"0,1,1,1,1,2,2"
TEST_04_연회장_OPUS 2,"0,1,0,1,1,2,2"
TEST_04_연회장_Regular Coffee,"2,1,75,56,47,15,22"
TEST_04_연회장_골뱅이무침,"3,1,1,1,1,2,5"
TEST_04_연회장_공깃밥,"2,1,1,1,1,2,5"
TEST_04_연회장_돈목살 김치찌개 (밥포함),"4,2,1,1,1,2,7"
TEST_04_연회장_로제 치즈떡볶이,"3,1,1,1,1,2,3"
TEST_04_연회장_마라샹궈,"1,1,1,1,1,2,4"
TEST_04_연회장_매콤 무뼈닭발&계란찜,"1,1,1,1,1,2,2"
TEST_04_연회장_모둠 돈육구이(3인),"3,1,1,1,1,2,7"
TEST_04_연회장_삼겹살추가 (200g),"0,1,0,1,1,2,2"
TEST_04_연회장_야채추가,"0,1,1,1,1,2,2"
TEST_04_연회장_왕갈비치킨,"3,1,1,1,1,2,5"
TEST_04_연회장_주먹밥 (2ea),"1,1,1,1,1,2,2"
TEST_04_카페테리아_공깃밥(추가),"5,4,3,1,1,5,5"
TEST_04_카페테리아_구슬아이스크림,"0,1,0,1,1,2,2"
TEST_04_카페테리아_단체식 13000(신),"24,1,1,123,72,55,81"
TEST_04_카페테리아_단체식 18000(신),"0,22,31,92,176,307,44"
TEST_04_카페테리아_돼지고기 김치찌개,"11,4,2,1,2,18,14"
TEST_04_카페테리아_복숭아 아이스티,"0,1,0,1,1,2,2"
TEST_04_카페테리아_새우 볶음밥,"11,4,2,1,1,5,8"
TEST_04_카페테리아_새우튀김 우동,"0,1,0,1,1,2,2"
TEST_04_카페테리아_샷 추가,"0,1,0,1,1,2,2"
TEST_04_카페테리아_수제 등심 돈까스,"24,10,5,2,5,20,18"
TEST_04_카페테리아_아메리카노(HOT),"0,1,0,1,1,2,2"
TEST_04_카페테리아_아메리카노(ICE),"0,1,0,1,1,2,2"
TEST_04_카페테리아_약 고추장 돌솥비빔밥,"16,7,7,4,3,16,30"
TEST_04_카페테리아_어린이 돈까스,"7,5,1,1,1,1,4"
TEST_04_카페테리아_오픈푸드,"0,1,1,1,1,2,2"
TEST_04_카페테리아_진사골 설렁탕,"0,1,0,1,1,2,2"
TEST_04_카페테리아_짜장면,"7,5,1,2,2,3,8"
TEST_04_카페테리아_짜장밥,"0,1,1,1,1,2,3"
TEST_04_카페테리아_짬뽕,"4,2,2,3,3,9,6"
TEST_04_카페테리아_짬뽕밥,"2,1,1,1,3,5,5"
TEST_04_카페테리아_치즈돈까스,"5,2,2,1,4,12,8"
TEST_04_카페테리아_카페라떼(HOT),"0,1,0,1,1,2,2"
TEST_04_카페테리아_카페라떼(ICE),"0,1,0,1,1,2,2"
TEST_04_카페테리아_한상 삼겹구이 정식(2인) 소요시간 약 15~20분,"11,5,2,2,2,5,10"
TEST_04_포레스트릿_꼬치어묵,"1,1,0,1,1,2,2"
TEST_04_포레스트릿_떡볶이,"1,1,0,1,1,2,2"
TEST_04_포레스트릿_복숭아 아이스티,"0,1,0,1,1,2,2"
TEST_04_포레스트릿_생수,"0,1,0,1,1,2,2"
TEST_04_포레스트릿_스프라이트,"0,1,0,1,1,2,2"
TEST_04_포레스트릿_아메리카노(HOT),"3,1,0,1,1,2,2"
TEST_04_포레스트릿_아메리카노(ICE),"0,1,0,1,1,2,2"
TEST_04_포레스트릿_치즈 핫도그,"0,1,0,1,1,2,2"
TEST_04_포레스트릿_카페라떼(HOT),"1,1,0,1,1,2,2"
TEST_04_포레스트릿_카페라떼(ICE),"1,1,0,1,1,2,2"
TEST_04_포레스트릿_코카콜라,"1,1,0,1,1,2,2"
TEST_04_포레스트릿_페스츄리 소시지,"1,1,0,1,1,2,2"
TEST_04_화담숲주막_느린마을 막걸리,"95,60,60,67,23,20,23"
TEST_04_화담숲주막_단호박 식혜 ,"51,36,20,7,7,8,15"
TEST_04_화담숲주막_병천순대,"81,106,51,22,32,21,19"
TEST_04_화담숲주막_스프라이트,"13,17,19,3,3,4,15"
TEST_04_화담숲주막_참살이 막걸리,"74,54,52,27,19,24,27"
TEST_04_화담숲주막_찹쌀식혜,"60,67,63,9,9,25,27"
TEST_04_화담숲주막_콜라,"53,15,49,8,6,8,18"
TEST_04_화담숲주막_해물파전,"508,252,6,57,80,0,103"
TEST_04_화담숲카페_메밀미숫가루,"60,82,64,15,32,13,24"
TEST_04_화담숲카페_아메리카노 HOT,"64,45,74,38,23,29,45"
TEST_04_화담숲카페_아메리카노 ICE,"85,19,44,6,12,26,19"
TEST_04_화담숲카페_카페라떼 ICE,"2,11,15,5,3,2,4"
TEST_04_화담숲카페_현미뻥스크림,"44,130,44,13,33,14,23"
TEST_05_느티나무 셀프BBQ_1인 수저세트,"1,4,2,3,15,18,10"
TEST_05_느티나무 셀프BBQ_BBQ55(단체),"0,1,1,1,2,3,3"
"TEST_05_느티나무 셀프BBQ_대여료 30,000원","12,8,8,11,9,8,11"
"TEST_05_느티나무 셀프BBQ_대여료 60,000원","1,1,1,2,2,3,4"
"TEST_05_느티나무 셀프BBQ_대여료 90,000원","0,1,1,1,2,3,3"
"TEST_05_느티나무 셀프BBQ_본삼겹 (단품,실내)","1,1,1,4,5,10,4"
TEST_05_느티나무 셀프BBQ_스프라이트 (단체),"0,1,1,1,2,3,3"
TEST_05_느티나무 셀프BBQ_신라면,"0,1,1,1,2,3,3"
TEST_05_느티나무 셀프BBQ_쌈야채세트,"2,1,2,5,3,15,5"
TEST_05_느티나무 셀프BBQ_쌈장,"0,1,1,1,2,3,3"
TEST_05_느티나무 셀프BBQ_육개장 사발면,"0,1,1,1,2,3,3"
TEST_05_느티나무 셀프BBQ_일회용 소주컵,"1,1,1,1,2,3,3"
TEST_05_느티나무 셀프BBQ_일회용 종이컵,"0,1,1,1,2,3,3"
TEST_05_느티나무 셀프BBQ_잔디그늘집 대여료 (12인석),"0,1,1,1,2,3,3"
TEST_05_느티나무 셀프BBQ_잔디그늘집 대여료 (6인석),"0,1,1,1,2,3,3"
TEST_05_느티나무 셀프BBQ_잔디그늘집 의자 추가,"0,1,1,1,2,3,3"
TEST_05_느티나무 셀프BBQ_참이슬 (단체),"0,1,1,1,2,3,3"
TEST_05_느티나무 셀프BBQ_친환경 접시 14cm,"1,1,1,1,2,3,3"
TEST_05_느티나무 셀프BBQ_친환경 접시 23cm,"1,1,1,1,2,3,3"
TEST_05_느티나무 셀프BBQ_카스 병(단체),"0,1,1,1,2,3,3"
TEST_05_느티나무 셀프BBQ_콜라 (단체),"0,1,1,1,2,3,3"
TEST_05_느티나무 셀프BBQ_햇반,"1,2,2,2,1,3,3"
TEST_05_느티나무 셀프BBQ_허브솔트,"0,1,1,1,2,3,3"
TEST_05_담하_(단체) 공깃밥,"1,1,1,1,2,3,3"
TEST_05_담하_(단체) 생목살 김치전골 2.0,"0,1,1,1,2,3,3"
TEST_05_담하_(단체) 은이버섯 갈비탕,"0,1,1,1,2,3,30"
TEST_05_담하_(단체) 한우 우거지 국밥,"0,1,1,1,2,3,3"
TEST_05_담하_(단체) 황태해장국 3/27까지,"11,8,5,1,2,3,42"
TEST_05_담하_(정식) 된장찌개,"15,17,15,12,22,18,12"
TEST_05_담하_(정식) 물냉면 ,"3,3,3,2,8,10,4"
TEST_05_담하_(정식) 비빔냉면,"5,3,3,3,4,6,7"
TEST_05_담하_(후식) 된장찌개,"5,3,2,3,6,5,6"
TEST_05_담하_(후식) 물냉면,"2,2,1,3,3,4,5"
TEST_05_담하_(후식) 비빔냉면,"3,4,2,2,2,2,7"
TEST_05_담하_갑오징어 비빔밥,"0,1,1,1,2,3,3"
TEST_05_담하_갱시기,"3,3,3,2,3,6,6"
TEST_05_담하_공깃밥,"37,41,35,52,51,46,40"
TEST_05_담하_꼬막 비빔밥,"4,6,5,4,9,8,9"
TEST_05_담하_느린마을 막걸리,"3,2,2,3,4,4,4"
TEST_05_담하_담하 한우 불고기,"37,25,40,31,34,29,32"
TEST_05_담하_담하 한우 불고기 정식,"21,27,24,19,32,33,17"
TEST_05_담하_더덕 한우 지짐,"1,1,1,1,3,3,3"
TEST_05_담하_들깨 양지탕,"0,1,1,1,2,3,3"
TEST_05_담하_라면사리,"1,1,1,1,2,3,3"
TEST_05_담하_룸 이용료,"0,1,1,1,2,3,3"
TEST_05_담하_메밀면 사리,"2,2,3,3,4,3,3"
TEST_05_담하_명인안동소주,"2,1,1,1,1,3,2"
TEST_05_담하_명태회 비빔냉면,"3,2,2,1,4,3,5"
TEST_05_담하_문막 복분자 칵테일,"5,2,1,1,2,4,4"
TEST_05_담하_봉평메밀 물냉면,"3,3,2,2,5,6,6"
TEST_05_담하_생목살 김치찌개,"24,22,16,21,38,36,28"
TEST_05_담하_스프라이트,"0,1,1,2,3,2,3"
TEST_05_담하_은이버섯 갈비탕,"9,13,5,7,11,10,9"
TEST_05_담하_제로콜라,"1,1,1,1,5,5,3"
TEST_05_담하_참이슬,"2,2,1,1,6,4,3"
TEST_05_담하_처음처럼,"1,1,1,1,2,2,2"
TEST_05_담하_카스,"1,2,1,1,2,3,2"
TEST_05_담하_콜라,"1,1,1,2,2,4,3"
TEST_05_담하_테라,"2,1,1,1,2,2,3"
TEST_05_담하_하동 매실 칵테일,"2,2,4,2,2,4,4"
TEST_05_담하_한우 떡갈비 정식,"18,23,19,15,30,36,31"
TEST_05_담하_한우 미역국 정식,"10,7,10,7,16,16,9"
TEST_05_담하_한우 우거지 국밥,"11,7,6,4,18,10,8"
TEST_05_담하_한우 차돌박이 된장찌개,"12,13,13,14,19,24,20"
TEST_05_담하_황태해장국,"5,3,4,6,11,10,4"
TEST_05_라그로타_AUS (200g),"1,1,1,2,2,2,4"
TEST_05_라그로타_G-Charge(3),"1,1,1,1,2,2,4"
TEST_05_라그로타_Gls.Sileni,"1,1,1,1,3,3,3"
TEST_05_라그로타_Gls.미션 서드,"5,4,3,3,6,7,7"
TEST_05_라그로타_Open Food,"1,1,1,1,3,3,2"
TEST_05_라그로타_그릴드 비프 샐러드,"3,2,2,2,4,4,6"
TEST_05_라그로타_까르보나라,"3,3,3,1,4,3,4"
TEST_05_라그로타_모둠 해산물 플래터,"1,1,1,1,2,3,3"
TEST_05_라그로타_미션 서드 카베르네 쉬라,"1,1,1,2,3,3,2"
TEST_05_라그로타_버섯 크림 리조또,"3,3,2,5,8,4,5"
TEST_05_라그로타_빵 추가 (1인),"0,2,2,1,2,2,3"
TEST_05_라그로타_스프라이트,"1,1,1,1,2,3,2"
TEST_05_라그로타_시저 샐러드 ,"2,1,1,1,2,4,4"
TEST_05_라그로타_아메리카노,"1,1,1,2,5,3,2"
TEST_05_라그로타_알리오 에 올리오 ,"5,2,2,3,7,6,8"
TEST_05_라그로타_양갈비 (4ps),"3,2,1,2,3,3,4"
TEST_05_라그로타_자몽리치에이드,"2,1,1,2,4,3,3"
TEST_05_라그로타_제로콜라,"2,1,2,1,2,2,3"
TEST_05_라그로타_카스,"3,6,5,2,4,3,3"
TEST_05_라그로타_콜라,"1,2,2,2,5,3,4"
TEST_05_라그로타_하이네켄(생),"4,4,3,2,4,13,6"
TEST_05_라그로타_한우 (200g),"6,4,3,2,2,5,7"
TEST_05_라그로타_해산물 토마토 리조또,"3,2,1,2,5,3,4"
TEST_05_라그로타_해산물 토마토 스튜 파스타,"4,3,3,2,7,5,4"
TEST_05_라그로타_해산물 토마토 스파게티,"3,4,4,4,6,5,6"
"TEST_05_미라시아_(단체)브런치주중 36,000","0,1,1,1,2,40,11"
TEST_05_미라시아_(오븐) 하와이안 쉬림프 피자,"3,2,2,1,2,2,3"
TEST_05_미라시아_(화덕) 불고기 페퍼로니 반반피자,"7,4,3,3,5,6,5"
TEST_05_미라시아_BBQ Platter,"13,7,6,8,8,10,13"
TEST_05_미라시아_BBQ 고기추가,"2,1,1,1,2,2,2"
TEST_05_미라시아_공깃밥,"2,2,2,2,3,3,3"
TEST_05_미라시아_글라스와인 (레드),"1,1,1,2,5,2,3"
TEST_05_미라시아_레인보우칵테일(알코올),"1,1,1,1,2,3,3"
TEST_05_미라시아_미라시아 브런치 (패키지),"4,11,2,1,65,41,12"
TEST_05_미라시아_버드와이저(무제한),"7,9,6,4,8,8,8"
TEST_05_미라시아_보일링 랍스타 플래터,"1,1,2,3,5,3,6"
TEST_05_미라시아_보일링 랍스타 플래터(덜매운맛),"1,1,1,1,3,5,3"
TEST_05_미라시아_브런치 2인 패키지 ,"1,1,1,1,2,5,3"
TEST_05_미라시아_브런치 4인 패키지 ,"0,1,1,1,2,3,3"
TEST_05_미라시아_브런치(대인) 주말,"195,57,49,46,104,103,0"
TEST_05_미라시아_브런치(대인) 주중,"18,28,90,78,63,118,95"
TEST_05_미라시아_브런치(어린이),"45,40,37,45,50,50,78"
TEST_05_미라시아_쉬림프 투움바 파스타,"6,3,2,5,4,5,5"
TEST_05_미라시아_스텔라(무제한),"7,4,5,6,6,5,7"
TEST_05_미라시아_스프라이트,"3,2,1,1,2,3,3"
TEST_05_미라시아_애플망고 에이드,"6,4,4,5,4,8,6"
TEST_05_미라시아_얼그레이 하이볼,"1,1,1,2,2,3,2"
TEST_05_미라시아_오븐구이 윙과 킬바사소세지,"4,7,1,1,3,3,5"
TEST_05_미라시아_유자 하이볼,"2,1,1,1,2,3,2"
TEST_05_미라시아_잭 애플 토닉,"1,1,2,1,2,3,3"
TEST_05_미라시아_칠리 치즈 프라이,"1,1,1,2,3,3,3"
TEST_05_미라시아_코카콜라,"1,1,2,2,4,5,3"
TEST_05_미라시아_코카콜라(제로),"1,1,1,1,4,3,3"
TEST_05_미라시아_콥 샐러드,"2,2,2,3,4,5,6"
TEST_05_미라시아_파스타면 추가(150g),"0,1,1,2,4,3,2"
TEST_05_미라시아_핑크레몬에이드,"1,1,1,1,2,3,2"
TEST_05_연회장_Cass Beer,"0,17,19,1,2,3,3"
TEST_05_연회장_Conference L1,"0,1,1,1,2,3,3"
TEST_05_연회장_Conference L2,"0,1,1,1,2,3,3"
TEST_05_연회장_Conference L3,"0,1,1,1,2,3,3"
TEST_05_연회장_Conference M1,"0,1,1,1,2,3,3"
TEST_05_연회장_Conference M8,"0,1,1,1,2,3,3"
TEST_05_연회장_Conference M9,"1,1,1,1,2,3,3"
TEST_05_연회장_Convention Hall,"0,1,1,1,2,3,3"
TEST_05_연회장_Cookie Platter,"1,1,1,1,2,3,4"
TEST_05_연회장_Grand Ballroom,"0,1,1,1,2,3,3"
TEST_05_연회장_OPUS 2,"0,1,1,1,2,3,3"
TEST_05_연회장_Regular Coffee,"19,7,2,1,2,3,27"
TEST_05_연회장_골뱅이무침,"6,4,3,4,6,5,6"
TEST_05_연회장_공깃밥,"5,3,3,3,3,3,4"
TEST_05_연회장_돈목살 김치찌개 (밥포함),"5,2,2,3,3,4,6"
TEST_05_연회장_로제 치즈떡볶이,"3,2,2,2,2,4,4"
TEST_05_연회장_마라샹궈,"3,2,1,1,2,2,3"
TEST_05_연회장_매콤 무뼈닭발&계란찜,"3,2,2,2,2,4,5"
TEST_05_연회장_모둠 돈육구이(3인),"9,6,10,9,9,8,9"
TEST_05_연회장_삼겹살추가 (200g),"1,1,1,1,2,3,3"
TEST_05_연회장_야채추가,"2,1,2,1,2,3,3"
TEST_05_연회장_왕갈비치킨,"4,1,2,3,4,6,8"
TEST_05_연회장_주먹밥 (2ea),"4,2,1,3,2,2,5"
TEST_05_카페테리아_공깃밥(추가),"55,49,49,54,74,57,57"
TEST_05_카페테리아_구슬아이스크림,"53,38,39,48,24,34,72"
TEST_05_카페테리아_단체식 13000(신),"0,1,1,1,2,3,3"
TEST_05_카페테리아_단체식 18000(신),"0,1,1,1,2,3,3"
TEST_05_카페테리아_돼지고기 김치찌개,"96,67,67,76,79,74,78"
TEST_05_카페테리아_복숭아 아이스티,"38,48,37,43,52,61,40"
TEST_05_카페테리아_새우 볶음밥,"41,35,38,37,52,42,54"
TEST_05_카페테리아_새우튀김 우동,"0,1,1,1,2,3,3"
TEST_05_카페테리아_샷 추가,"2,1,1,2,3,6,6"
TEST_05_카페테리아_수제 등심 돈까스,"266,99,177,155,192,145,263"
TEST_05_카페테리아_아메리카노(HOT),"223,115,84,98,107,113,160"
TEST_05_카페테리아_아메리카노(ICE),"102,85,91,79,87,101,112"
TEST_05_카페테리아_약 고추장 돌솥비빔밥,"71,60,59,57,73,71,82"
TEST_05_카페테리아_어린이 돈까스,"30,24,28,17,34,36,41"
TEST_05_카페테리아_오픈푸드,"1,3,2,2,4,3,5"
TEST_05_카페테리아_진사골 설렁탕,"63,46,46,67,62,57,78"
TEST_05_카페테리아_짜장면,"60,44,55,50,64,64,56"
TEST_05_카페테리아_짜장밥,"7,4,11,7,8,6,8"
TEST_05_카페테리아_짬뽕,"50,31,33,26,48,38,49"
TEST_05_카페테리아_짬뽕밥,"27,25,19,12,23,26,28"
TEST_05_카페테리아_치즈돈까스,"82,67,71,77,84,78,102"
TEST_05_카페테리아_카페라떼(HOT),"118,42,46,57,70,68,109"
TEST_05_카페테리아_카페라떼(ICE),"17,19,19,14,25,26,23"
TEST_05_카페테리아_한상 삼겹구이 정식(2인) 소요시간 약 15~20분,"0,1,1,1,2,3,3"
TEST_05_포레스트릿_꼬치어묵,"225,269,381,416,438,463,630"
TEST_05_포레스트릿_떡볶이,"317,180,167,327,254,273,356"
TEST_05_포레스트릿_복숭아 아이스티,"40,78,66,59,77,54,64"
TEST_05_포레스트릿_생수,"257,190,412,248,290,230,344"
TEST_05_포레스트릿_스프라이트,"33,34,63,37,40,38,43"
TEST_05_포레스트릿_아메리카노(HOT),"82,65,65,93,92,80,114"
TEST_05_포레스트릿_아메리카노(ICE),"55,59,109,72,71,59,90"
TEST_05_포레스트릿_치즈 핫도그,"261,96,251,176,189,203,216"
TEST_05_포레스트릿_카페라떼(HOT),"35,42,43,49,56,43,48"
TEST_05_포레스트릿_카페라떼(ICE),"4,5,10,9,10,7,9"
TEST_05_포레스트릿_코카콜라,"106,68,81,87,84,84,130"
TEST_05_포레스트릿_페스츄리 소시지,"68,55,68,79,77,68,95"
TEST_05_화담숲주막_느린마을 막걸리,"0,1,1,1,2,3,3"
TEST_05_화담숲주막_단호박 식혜 ,"0,1,1,1,2,3,3"
TEST_05_화담숲주막_병천순대,"0,1,1,1,2,3,3"
TEST_05_화담숲주막_스프라이트,"0,1,1,1,2,3,3"
TEST_05_화담숲주막_참살이 막걸리,"0,1,1,1,2,3,3"
TEST_05_화담숲주막_찹쌀식혜,"0,1,1,1,2,3,3"
TEST_05_화담숲주막_콜라,"0,1,1,1,2,3,3"
TEST_05_화담숲주막_해물파전,"0,1,1,1,2,3,3"
TEST_05_화담숲카페_메밀미숫가루,"0,1,1,1,2,3,3"
TEST_05_화담숲카페_아메리카노 HOT,"0,1,1,1,2,3,3"
TEST_05_화담숲카페_아메리카노 ICE,"0,1,1,1,2,3,3"
TEST_05_화담숲카페_카페라떼 ICE,"0,1,1,1,2,3,3"
TEST_05_화담숲카페_현미뻥스크림,"0,1,1,1,2,3,3"
TEST_06_느티나무 셀프BBQ_1인 수저세트,"1,1,1,2,6,6,3"
TEST_06_느티나무 셀프BBQ_BBQ55(단체),"0,1,1,1,2,2,2"
"TEST_06_느티나무 셀프BBQ_대여료 30,000원","5,5,4,5,5,9,7"
"TEST_06_느티나무 셀프BBQ_대여료 60,000원","3,2,1,1,2,3,5"
"TEST_06_느티나무 셀프BBQ_대여료 90,000원","1,1,1,1,2,3,3"
"TEST_06_느티나무 셀프BBQ_본삼겹 (단품,실내)","0,1,1,1,2,4,5"
TEST_06_느티나무 셀프BBQ_스프라이트 (단체),"0,1,1,1,2,2,2"
TEST_06_느티나무 셀프BBQ_신라면,"0,1,1,1,2,2,2"
TEST_06_느티나무 셀프BBQ_쌈야채세트,"1,1,1,1,5,3,5"
TEST_06_느티나무 셀프BBQ_쌈장,"1,1,1,1,1,3,3"
TEST_06_느티나무 셀프BBQ_육개장 사발면,"0,1,1,1,2,2,2"
TEST_06_느티나무 셀프BBQ_일회용 소주컵,"0,1,1,1,2,2,2"
TEST_06_느티나무 셀프BBQ_일회용 종이컵,"1,1,1,1,2,2,2"
TEST_06_느티나무 셀프BBQ_잔디그늘집 대여료 (12인석),"0,1,1,1,2,2,2"
TEST_06_느티나무 셀프BBQ_잔디그늘집 대여료 (6인석),"0,1,1,1,2,2,2"
TEST_06_느티나무 셀프BBQ_잔디그늘집 의자 추가,"0,1,1,1,2,2,2"
TEST_06_느티나무 셀프BBQ_참이슬 (단체),"0,1,1,1,2,2,2"
TEST_06_느티나무 셀프BBQ_친환경 접시 14cm,"1,1,1,1,2,2,2"
TEST_06_느티나무 셀프BBQ_친환경 접시 23cm,"1,1,1,1,2,2,3"
TEST_06_느티나무 셀프BBQ_카스 병(단체),"0,1,1,1,2,2,2"
TEST_06_느티나무 셀프BBQ_콜라 (단체),"0,1,1,1,2,2,2"
TEST_06_느티나무 셀프BBQ_햇반,"1,1,1,1,2,2,2"
TEST_06_느티나무 셀프BBQ_허브솔트,"1,1,1,1,2,3,3"
TEST_06_담하_(단체) 공깃밥,"0,1,4,3,3,3,3"
TEST_06_담하_(단체) 생목살 김치전골 2.0,"0,1,1,34,36,15,3"
TEST_06_담하_(단체) 은이버섯 갈비탕,"1,1,1,1,34,57,3"
TEST_06_담하_(단체) 한우 우거지 국밥,"0,1,1,1,66,24,3"
TEST_06_담하_(단체) 황태해장국 3/27까지,"7,1,1,16,68,26,3"
TEST_06_담하_(정식) 된장찌개,"10,7,14,10,11,11,7"
TEST_06_담하_(정식) 물냉면 ,"4,3,2,5,5,5,3"
TEST_06_담하_(정식) 비빔냉면,"4,2,2,3,3,10,8"
TEST_06_담하_(후식) 된장찌개,"4,2,3,3,3,3,4"
TEST_06_담하_(후식) 물냉면,"3,1,1,3,3,3,4"
TEST_06_담하_(후식) 비빔냉면,"3,2,1,1,2,2,4"
TEST_06_담하_갑오징어 비빔밥,"0,1,1,1,2,2,2"
TEST_06_담하_갱시기,"4,2,2,2,4,5,5"
TEST_06_담하_공깃밥,"38,19,32,20,28,29,40"
TEST_06_담하_꼬막 비빔밥,"7,3,5,5,5,5,8"
TEST_06_담하_느린마을 막걸리,"3,2,2,1,4,2,6"
TEST_06_담하_담하 한우 불고기,"26,17,22,17,26,24,30"
TEST_06_담하_담하 한우 불고기 정식,"14,11,18,16,16,20,10"
TEST_06_담하_더덕 한우 지짐,"1,1,1,2,2,2,3"
TEST_06_담하_들깨 양지탕,"0,1,1,1,2,2,2"
TEST_06_담하_라면사리,"2,2,1,1,2,2,3"
TEST_06_담하_룸 이용료,"0,1,1,1,2,3,3"
TEST_06_담하_메밀면 사리,"1,2,2,3,3,3,2"
TEST_06_담하_명인안동소주,"1,1,1,1,1,2,3"
TEST_06_담하_명태회 비빔냉면,"3,1,2,3,4,3,4"
TEST_06_담하_문막 복분자 칵테일,"0,1,1,2,2,2,2"
TEST_06_담하_봉평메밀 물냉면,"6,4,4,2,3,3,5"
TEST_06_담하_생목살 김치찌개,"27,13,23,23,21,19,29"
TEST_06_담하_스프라이트,"1,1,1,1,2,2,3"
TEST_06_담하_은이버섯 갈비탕,"8,5,7,11,13,6,9"
TEST_06_담하_제로콜라,"1,1,1,1,2,2,3"
TEST_06_담하_참이슬,"2,1,1,2,3,3,4"
TEST_06_담하_처음처럼,"0,1,1,1,2,3,3"
TEST_06_담하_카스,"1,1,2,2,1,3,2"
TEST_06_담하_콜라,"2,1,1,1,2,2,2"
TEST_06_담하_테라,"1,1,2,1,2,2,3"
TEST_06_담하_하동 매실 칵테일,"1,1,1,1,2,2,3"
TEST_06_담하_한우 떡갈비 정식,"23,16,15,13,16,16,22"
TEST_06_담하_한우 미역국 정식,"7,5,5,4,5,7,6"
TEST_06_담하_한우 우거지 국밥,"8,5,8,8,15,13,6"
TEST_06_담하_한우 차돌박이 된장찌개,"16,12,19,18,16,14,19"
TEST_06_담하_황태해장국,"7,4,3,2,5,5,60"
TEST_06_라그로타_AUS (200g),"2,2,1,1,2,2,4"
TEST_06_라그로타_G-Charge(3),"1,1,1,1,5,3,2"
TEST_06_라그로타_Gls.Sileni,"4,2,1,1,2,2,5"
TEST_06_라그로타_Gls.미션 서드,"5,3,2,4,4,3,4"
TEST_06_라그로타_Open Food,"1,1,1,1,2,3,3"
TEST_06_라그로타_그릴드 비프 샐러드,"4,2,1,1,3,5,5"
TEST_06_라그로타_까르보나라,"4,2,2,2,2,3,4"
TEST_06_라그로타_모둠 해산물 플래터,"2,2,1,1,2,2,3"
TEST_06_라그로타_미션 서드 카베르네 쉬라,"1,1,1,1,2,3,3"
TEST_06_라그로타_버섯 크림 리조또,"5,2,2,3,3,3,5"
TEST_06_라그로타_빵 추가 (1인),"1,1,1,1,2,3,3"
TEST_06_라그로타_스프라이트,"3,2,1,1,4,3,4"
TEST_06_라그로타_시저 샐러드 ,"3,2,2,1,3,3,2"
TEST_06_라그로타_아메리카노,"1,1,1,1,3,3,2"
TEST_06_라그로타_알리오 에 올리오 ,"6,3,1,3,3,3,5"
TEST_06_라그로타_양갈비 (4ps),"4,2,3,2,3,3,4"
TEST_06_라그로타_자몽리치에이드,"3,2,0,1,2,2,4"
TEST_06_라그로타_제로콜라,"4,2,1,1,2,3,4"
TEST_06_라그로타_카스,"3,2,0,1,1,4,4"
TEST_06_라그로타_콜라,"6,2,2,2,3,3,7"
TEST_06_라그로타_하이네켄(생),"3,1,2,2,3,3,7"
TEST_06_라그로타_한우 (200g),"6,3,2,3,2,6,7"
TEST_06_라그로타_해산물 토마토 리조또,"2,2,1,1,3,2,3"
TEST_06_라그로타_해산물 토마토 스튜 파스타,"4,2,2,2,4,7,5"
TEST_06_라그로타_해산물 토마토 스파게티,"6,2,2,4,5,4,4"
"TEST_06_미라시아_(단체)브런치주중 36,000","0,1,1,32,59,0,89"
TEST_06_미라시아_(오븐) 하와이안 쉬림프 피자,"3,2,1,1,2,2,4"
TEST_06_미라시아_(화덕) 불고기 페퍼로니 반반피자,"6,3,3,4,6,4,5"
TEST_06_미라시아_BBQ Platter,"12,8,7,7,9,7,13"
TEST_06_미라시아_BBQ 고기추가,"0,1,1,1,2,3,2"
TEST_06_미라시아_공깃밥,"0,1,1,19,14,2,3"
TEST_06_미라시아_글라스와인 (레드),"0,1,1,1,2,3,3"
TEST_06_미라시아_레인보우칵테일(알코올),"1,1,1,1,2,3,3"
TEST_06_미라시아_미라시아 브런치 (패키지),"0,4,6,4,6,8,13"
TEST_06_미라시아_버드와이저(무제한),"7,4,3,3,4,3,5"
TEST_06_미라시아_보일링 랍스타 플래터,"2,2,1,1,3,2,3"
TEST_06_미라시아_보일링 랍스타 플래터(덜매운맛),"1,1,1,2,2,4,2"
TEST_06_미라시아_브런치 2인 패키지 ,"3,1,1,1,2,3,3"
TEST_06_미라시아_브런치 4인 패키지 ,"0,1,1,1,2,2,2"
TEST_06_미라시아_브런치(대인) 주말,"44,36,27,11,33,19,30"
TEST_06_미라시아_브런치(대인) 주중,"26,1,66,51,48,74,58"
TEST_06_미라시아_브런치(어린이),"20,17,23,21,23,28,36"
TEST_06_미라시아_쉬림프 투움바 파스타,"7,4,3,4,6,6,5"
TEST_06_미라시아_스텔라(무제한),"5,2,2,1,2,3,3"
TEST_06_미라시아_스프라이트,"1,1,2,1,4,3,2"
TEST_06_미라시아_애플망고 에이드,"3,2,3,2,4,4,3"
TEST_06_미라시아_얼그레이 하이볼,"1,1,1,0,2,3,2"
TEST_06_미라시아_오븐구이 윙과 킬바사소세지,"3,2,2,2,2,2,4"
TEST_06_미라시아_유자 하이볼,"1,1,1,1,3,3,2"
TEST_06_미라시아_잭 애플 토닉,"0,1,1,2,2,3,3"
TEST_06_미라시아_칠리 치즈 프라이,"2,1,1,1,2,3,3"
TEST_06_미라시아_코카콜라,"3,1,2,1,3,4,4"
TEST_06_미라시아_코카콜라(제로),"2,1,1,2,2,2,3"
TEST_06_미라시아_콥 샐러드,"2,1,2,2,2,3,3"
TEST_06_미라시아_파스타면 추가(150g),"1,1,2,2,3,4,2"
TEST_06_미라시아_핑크레몬에이드,"1,1,1,1,2,2,2"
TEST_06_연회장_Cass Beer,"0,1,1,55,63,34,31"
TEST_06_연회장_Conference L1,"0,1,1,1,2,3,2"
TEST_06_연회장_Conference L2,"0,1,1,1,2,3,3"
TEST_06_연회장_Conference L3,"0,1,1,1,2,3,3"
TEST_06_연회장_Conference M1,"0,1,1,1,2,3,3"
TEST_06_연회장_Conference M8,"0,1,1,1,2,2,3"
TEST_06_연회장_Conference M9,"0,1,1,1,2,2,2"
TEST_06_연회장_Convention Hall,"0,1,1,1,2,3,3"
TEST_06_연회장_Cookie Platter,"0,1,1,2,2,3,3"
TEST_06_연회장_Grand Ballroom,"0,1,1,1,2,2,3"
TEST_06_연회장_OPUS 2,"0,1,1,1,2,2,2"
TEST_06_연회장_Regular Coffee,"0,1,1,54,59,25,3"
TEST_06_연회장_골뱅이무침,"4,3,3,2,4,4,6"
TEST_06_연회장_공깃밥,"1,2,2,2,3,6,6"
TEST_06_연회장_돈목살 김치찌개 (밥포함),"6,6,5,3,3,5,9"
TEST_06_연회장_로제 치즈떡볶이,"3,2,3,2,3,4,5"
TEST_06_연회장_마라샹궈,"3,1,1,1,2,2,4"
TEST_06_연회장_매콤 무뼈닭발&계란찜,"3,1,1,1,2,3,6"
TEST_06_연회장_모둠 돈육구이(3인),"11,8,7,7,12,9,12"
TEST_06_연회장_삼겹살추가 (200g),"1,3,3,2,3,4,3"
TEST_06_연회장_야채추가,"2,1,1,1,2,2,4"
TEST_06_연회장_왕갈비치킨,"3,2,3,2,4,7,3"
TEST_06_연회장_주먹밥 (2ea),"4,2,2,2,2,7,7"
TEST_06_카페테리아_공깃밥(추가),"69,35,71,47,55,58,71"
TEST_06_카페테리아_구슬아이스크림,"67,18,17,23,32,45,59"
TEST_06_카페테리아_단체식 13000(신),"0,1,1,1,2,2,2"
TEST_06_카페테리아_단체식 18000(신),"0,1,1,55,65,50,71"
TEST_06_카페테리아_돼지고기 김치찌개,"71,25,44,36,61,61,69"
TEST_06_카페테리아_복숭아 아이스티,"98,35,43,38,52,54,98"
TEST_06_카페테리아_새우 볶음밥,"46,27,34,36,44,56,61"
TEST_06_카페테리아_새우튀김 우동,"45,25,25,23,32,34,58"
TEST_06_카페테리아_샷 추가,"6,3,2,4,5,4,7"
TEST_06_카페테리아_수제 등심 돈까스,"187,96,78,93,179,178,174"
TEST_06_카페테리아_아메리카노(HOT),"141,44,111,77,113,132,186"
TEST_06_카페테리아_아메리카노(ICE),"133,84,68,62,79,102,152"
TEST_06_카페테리아_약 고추장 돌솥비빔밥,"91,30,42,49,64,69,83"
TEST_06_카페테리아_어린이 돈까스,"33,24,20,16,18,22,24"
TEST_06_카페테리아_오픈푸드,"0,1,1,1,3,2,3"
TEST_06_카페테리아_진사골 설렁탕,"81,26,44,37,45,60,68"
TEST_06_카페테리아_짜장면,"85,39,49,33,49,62,60"
TEST_06_카페테리아_짜장밥,"6,3,5,3,6,6,7"
TEST_06_카페테리아_짬뽕,"50,25,34,34,42,36,65"
TEST_06_카페테리아_짬뽕밥,"28,16,18,15,15,19,30"
TEST_06_카페테리아_치즈돈까스,"114,34,67,52,63,86,100"
TEST_06_카페테리아_카페라떼(HOT),"76,66,86,70,84,88,95"
TEST_06_카페테리아_카페라떼(ICE),"49,25,20,17,29,25,35"
TEST_06_카페테리아_한상 삼겹구이 정식(2인) 소요시간 약 15~20분,"0,1,1,1,2,2,2"
TEST_06_포레스트릿_꼬치어묵,"507,316,279,167,192,269,742"
TEST_06_포레스트릿_떡볶이,"343,135,120,85,137,216,219"
TEST_06_포레스트릿_복숭아 아이스티,"113,46,30,16,40,52,73"
TEST_06_포레스트릿_생수,"522,145,90,47,81,173,184"
TEST_06_포레스트릿_스프라이트,"58,32,19,8,17,22,34"
TEST_06_포레스트릿_아메리카노(HOT),"72,45,30,31,36,48,61"
TEST_06_포레스트릿_아메리카노(ICE),"136,51,42,15,27,41,68"
TEST_06_포레스트릿_치즈 핫도그,"288,120,79,45,129,140,191"
TEST_06_포레스트릿_카페라떼(HOT),"58,30,24,19,27,27,54"
TEST_06_포레스트릿_카페라떼(ICE),"14,11,6,2,6,4,11"
TEST_06_포레스트릿_코카콜라,"112,41,33,19,46,49,100"
TEST_06_포레스트릿_페스츄리 소시지,"96,38,44,24,34,60,65"
TEST_06_화담숲주막_느린마을 막걸리,"0,1,1,1,2,2,2"
TEST_06_화담숲주막_단호박 식혜 ,"0,1,1,1,2,2,2"
TEST_06_화담숲주막_병천순대,"0,1,1,1,2,2,2"
TEST_06_화담숲주막_스프라이트,"0,1,1,1,2,2,2"
TEST_06_화담숲주막_참살이 막걸리,"0,1,1,1,2,2,2"
TEST_06_화담숲주막_찹쌀식혜,"0,1,1,1,2,2,2"
TEST_06_화담숲주막_콜라,"0,1,1,1,2,2,2"
TEST_06_화담숲주막_해물파전,"0,1,1,1,2,2,2"
TEST_06_화담숲카페_메밀미숫가루,"0,1,1,1,2,2,2"
TEST_06_화담숲카페_아메리카노 HOT,"0,1,1,1,2,2,2"
TEST_06_화담숲카페_아메리카노 ICE,"0,1,1,1,2,2,2"
TEST_06_화담숲카페_카페라떼 ICE,"0,1,1,1,2,2,2"
TEST_06_화담숲카페_현미뻥스크림,"0,1,1,1,2,2,2"
TEST_07_느티나무 셀프BBQ_1인 수저세트,"0,1,1,1,3,3,4"
TEST_07_느티나무 셀프BBQ_BBQ55(단체),"0,1,1,1,3,58,42"
"TEST_07_느티나무 셀프BBQ_대여료 30,000원","2,0,1,1,3,3,7"
"TEST_07_느티나무 셀프BBQ_대여료 60,000원","0,1,1,1,3,3,5"
"TEST_07_느티나무 셀프BBQ_대여료 90,000원","0,1,1,1,3,3,2"
"TEST_07_느티나무 셀프BBQ_본삼겹 (단품,실내)","1,1,1,1,3,3,3"
TEST_07_느티나무 셀프BBQ_스프라이트 (단체),"0,1,1,1,3,10,8"
TEST_07_느티나무 셀프BBQ_신라면,"0,1,1,1,3,3,2"
TEST_07_느티나무 셀프BBQ_쌈야채세트,"1,1,0,1,3,3,3"
TEST_07_느티나무 셀프BBQ_쌈장,"0,1,1,1,3,3,2"
TEST_07_느티나무 셀프BBQ_육개장 사발면,"0,1,1,1,3,3,2"
TEST_07_느티나무 셀프BBQ_일회용 소주컵,"0,1,1,1,3,3,3"
TEST_07_느티나무 셀프BBQ_일회용 종이컵,"0,1,1,1,3,3,2"
TEST_07_느티나무 셀프BBQ_잔디그늘집 대여료 (12인석),"0,1,1,1,3,3,2"
TEST_07_느티나무 셀프BBQ_잔디그늘집 대여료 (6인석),"0,1,1,1,3,3,2"
TEST_07_느티나무 셀프BBQ_잔디그늘집 의자 추가,"0,1,1,1,3,3,2"
TEST_07_느티나무 셀프BBQ_참이슬 (단체),"1,1,1,1,3,19,16"
TEST_07_느티나무 셀프BBQ_친환경 접시 14cm,"0,1,1,1,3,3,3"
TEST_07_느티나무 셀프BBQ_친환경 접시 23cm,"0,1,1,1,3,3,4"
TEST_07_느티나무 셀프BBQ_카스 병(단체),"0,1,1,1,3,54,15"
TEST_07_느티나무 셀프BBQ_콜라 (단체),"1,0,0,1,3,9,10"
TEST_07_느티나무 셀프BBQ_햇반,"0,1,1,1,3,3,2"
TEST_07_느티나무 셀프BBQ_허브솔트,"0,1,1,1,3,3,2"
TEST_07_담하_(단체) 공깃밥,"0,1,1,1,3,3,2"
TEST_07_담하_(단체) 생목살 김치전골 2.0,"0,1,1,1,3,52,38"
TEST_07_담하_(단체) 은이버섯 갈비탕,"0,1,1,1,3,41,8"
TEST_07_담하_(단체) 한우 우거지 국밥,"0,1,1,1,3,3,3"
TEST_07_담하_(단체) 황태해장국 3/27까지,"5,1,1,1,3,3,41"
TEST_07_담하_(정식) 된장찌개,"2,1,1,1,3,3,2"
TEST_07_담하_(정식) 물냉면 ,"3,0,1,1,3,3,2"
TEST_07_담하_(정식) 비빔냉면,"1,0,1,1,3,3,2"
TEST_07_담하_(후식) 된장찌개,"2,0,1,1,3,3,3"
TEST_07_담하_(후식) 물냉면,"1,1,1,1,3,3,2"
TEST_07_담하_(후식) 비빔냉면,"1,1,1,1,3,3,3"
TEST_07_담하_갑오징어 비빔밥,"0,1,1,1,3,3,2"
TEST_07_담하_갱시기,"1,1,0,1,3,3,2"
TEST_07_담하_공깃밥,"5,24,0,1,3,4,22"
TEST_07_담하_꼬막 비빔밥,"1,1,1,1,3,3,7"
TEST_07_담하_느린마을 막걸리,"1,1,1,1,3,3,3"
TEST_07_담하_담하 한우 불고기,"3,4,1,1,3,4,44"
TEST_07_담하_담하 한우 불고기 정식,"3,1,1,1,3,3,2"
TEST_07_담하_더덕 한우 지짐,"1,1,1,1,3,3,2"
TEST_07_담하_들깨 양지탕,"0,1,1,1,3,3,2"
TEST_07_담하_라면사리,"0,1,1,1,3,3,3"
TEST_07_담하_룸 이용료,"0,1,1,1,3,3,2"
TEST_07_담하_메밀면 사리,"2,0,1,1,3,3,5"
TEST_07_담하_명인안동소주,"0,1,1,1,3,3,2"
TEST_07_담하_명태회 비빔냉면,"1,1,0,1,3,3,3"
TEST_07_담하_문막 복분자 칵테일,"1,1,1,1,3,3,2"
TEST_07_담하_봉평메밀 물냉면,"2,0,1,1,3,3,3"
TEST_07_담하_생목살 김치찌개,"13,1,0,1,3,5,9"
TEST_07_담하_스프라이트,"1,0,1,1,3,3,2"
TEST_07_담하_은이버섯 갈비탕,"1,1,1,1,3,3,5"
TEST_07_담하_제로콜라,"1,1,1,1,3,3,2"
TEST_07_담하_참이슬,"1,0,1,1,3,3,3"
TEST_07_담하_처음처럼,"1,1,1,1,3,3,2"
TEST_07_담하_카스,"0,1,1,1,3,3,4"
TEST_07_담하_콜라,"1,1,1,1,3,3,2"
TEST_07_담하_테라,"1,1,1,1,3,3,2"
TEST_07_담하_하동 매실 칵테일,"0,1,1,1,3,3,3"
TEST_07_담하_한우 떡갈비 정식,"4,1,0,1,3,3,4"
TEST_07_담하_한우 미역국 정식,"2,2,1,1,3,3,6"
TEST_07_담하_한우 우거지 국밥,"1,7,3,1,3,3,3"
TEST_07_담하_한우 차돌박이 된장찌개,"4,1,1,1,3,4,7"
TEST_07_담하_황태해장국,"2,2,0,1,3,3,4"
TEST_07_라그로타_AUS (200g),"1,1,1,1,3,3,2"
TEST_07_라그로타_G-Charge(3),"0,1,1,1,3,3,2"
TEST_07_라그로타_Gls.Sileni,"1,1,1,1,3,3,2"
TEST_07_라그로타_Gls.미션 서드,"2,1,1,1,3,3,2"
TEST_07_라그로타_Open Food,"1,1,1,1,3,3,2"
TEST_07_라그로타_그릴드 비프 샐러드,"1,1,1,1,3,3,2"
TEST_07_라그로타_까르보나라,"2,1,1,1,3,3,2"
TEST_07_라그로타_모둠 해산물 플래터,"1,1,1,1,3,3,2"
TEST_07_라그로타_미션 서드 카베르네 쉬라,"0,1,1,1,3,3,2"
TEST_07_라그로타_버섯 크림 리조또,"2,0,1,1,3,3,2"
TEST_07_라그로타_빵 추가 (1인),"0,1,1,1,3,3,2"
TEST_07_라그로타_스프라이트,"1,1,1,1,3,3,2"
TEST_07_라그로타_시저 샐러드 ,"1,1,1,1,3,3,2"
TEST_07_라그로타_아메리카노,"0,1,1,1,3,3,2"
TEST_07_라그로타_알리오 에 올리오 ,"2,1,1,1,3,3,2"
TEST_07_라그로타_양갈비 (4ps),"0,1,1,1,3,3,2"
TEST_07_라그로타_자몽리치에이드,"1,1,1,1,3,3,2"
TEST_07_라그로타_제로콜라,"1,1,1,1,3,3,2"
TEST_07_라그로타_카스,"0,1,1,1,3,3,2"
TEST_07_라그로타_콜라,"0,1,1,1,3,3,2"
TEST_07_라그로타_하이네켄(생),"1,1,1,1,3,3,2"
TEST_07_라그로타_한우 (200g),"1,1,1,1,3,3,2"
TEST_07_라그로타_해산물 토마토 리조또,"1,1,1,1,3,3,2"
TEST_07_라그로타_해산물 토마토 스튜 파스타,"1,1,1,1,3,3,2"
TEST_07_라그로타_해산물 토마토 스파게티,"1,0,1,1,3,3,2"
"TEST_07_미라시아_(단체)브런치주중 36,000","0,1,1,1,3,3,13"
TEST_07_미라시아_(오븐) 하와이안 쉬림프 피자,"1,1,1,1,3,3,2"
TEST_07_미라시아_(화덕) 불고기 페퍼로니 반반피자,"2,0,1,1,3,3,3"
TEST_07_미라시아_BBQ Platter,"3,1,1,1,3,3,3"
TEST_07_미라시아_BBQ 고기추가,"0,1,1,1,3,3,2"
TEST_07_미라시아_공깃밥,"0,1,1,1,3,3,2"
TEST_07_미라시아_글라스와인 (레드),"0,1,1,1,3,3,2"
TEST_07_미라시아_레인보우칵테일(알코올),"0,1,1,1,3,3,2"
TEST_07_미라시아_미라시아 브런치 (패키지),"0,1,1,1,3,4,6"
TEST_07_미라시아_버드와이저(무제한),"2,0,1,1,3,3,2"
TEST_07_미라시아_보일링 랍스타 플래터,"1,1,1,1,3,3,2"
TEST_07_미라시아_보일링 랍스타 플래터(덜매운맛),"1,1,1,1,3,3,3"
TEST_07_미라시아_브런치 2인 패키지 ,"0,1,1,1,3,3,2"
TEST_07_미라시아_브런치 4인 패키지 ,"0,1,1,1,3,3,2"
TEST_07_미라시아_브런치(대인) 주말,"0,0,1,1,3,3,2"
TEST_07_미라시아_브런치(대인) 주중,"0,1,1,1,3,3,17"
TEST_07_미라시아_브런치(어린이),"2,5,19,1,3,3,2"
TEST_07_미라시아_쉬림프 투움바 파스타,"2,0,1,1,3,3,3"
TEST_07_미라시아_스텔라(무제한),"0,1,1,1,3,3,2"
TEST_07_미라시아_스프라이트,"1,1,1,1,3,3,2"
TEST_07_미라시아_애플망고 에이드,"1,0,1,1,3,3,4"
TEST_07_미라시아_얼그레이 하이볼,"1,1,1,1,3,3,2"
TEST_07_미라시아_오븐구이 윙과 킬바사소세지,"1,1,1,1,3,3,2"
TEST_07_미라시아_유자 하이볼,"1,1,1,1,3,3,2"
TEST_07_미라시아_잭 애플 토닉,"0,1,1,1,3,3,2"
TEST_07_미라시아_칠리 치즈 프라이,"1,1,1,1,3,3,3"
TEST_07_미라시아_코카콜라,"1,1,1,1,3,3,3"
TEST_07_미라시아_코카콜라(제로),"1,1,1,1,3,3,3"
TEST_07_미라시아_콥 샐러드,"2,0,1,1,3,3,3"
TEST_07_미라시아_파스타면 추가(150g),"1,1,1,1,3,3,3"
TEST_07_미라시아_핑크레몬에이드,"2,1,1,1,3,3,3"
TEST_07_연회장_Cass Beer,"0,1,1,1,3,3,2"
TEST_07_연회장_Conference L1,"0,1,1,1,3,3,2"
TEST_07_연회장_Conference L2,"0,1,1,1,3,3,2"
TEST_07_연회장_Conference L3,"0,1,1,1,3,3,2"
TEST_07_연회장_Conference M1,"0,1,1,1,3,3,2"
TEST_07_연회장_Conference M8,"0,1,1,1,3,3,2"
TEST_07_연회장_Conference M9,"0,1,1,1,3,3,3"
TEST_07_연회장_Convention Hall,"0,1,1,1,3,3,2"
TEST_07_연회장_Cookie Platter,"0,1,1,1,3,3,2"
TEST_07_연회장_Grand Ballroom,"0,1,1,1,3,3,2"
TEST_07_연회장_OPUS 2,"0,1,1,1,3,3,2"
TEST_07_연회장_Regular Coffee,"0,1,1,1,3,15,13"
TEST_07_연회장_골뱅이무침,"2,1,1,1,3,3,2"
TEST_07_연회장_공깃밥,"1,1,1,1,3,3,5"
TEST_07_연회장_돈목살 김치찌개 (밥포함),"2,1,1,1,3,3,4"
TEST_07_연회장_로제 치즈떡볶이,"1,1,1,1,3,3,3"
TEST_07_연회장_마라샹궈,"1,1,1,1,3,3,3"
TEST_07_연회장_매콤 무뼈닭발&계란찜,"1,1,1,1,3,3,2"
TEST_07_연회장_모둠 돈육구이(3인),"3,1,1,1,3,3,6"
TEST_07_연회장_삼겹살추가 (200g),"2,0,1,1,3,3,2"
TEST_07_연회장_야채추가,"1,1,1,1,3,3,3"
TEST_07_연회장_왕갈비치킨,"1,1,1,1,3,3,3"
TEST_07_연회장_주먹밥 (2ea),"1,1,1,1,3,3,4"
TEST_07_카페테리아_공깃밥(추가),"7,3,2,1,3,3,3"
TEST_07_카페테리아_구슬아이스크림,"0,1,1,1,3,3,2"
TEST_07_카페테리아_단체식 13000(신),"0,1,1,1,3,3,31"
TEST_07_카페테리아_단체식 18000(신),"0,1,1,1,3,3,2"
TEST_07_카페테리아_돼지고기 김치찌개,"2,1,0,1,3,3,4"
TEST_07_카페테리아_복숭아 아이스티,"3,1,1,1,3,3,2"
TEST_07_카페테리아_새우 볶음밥,"1,2,0,1,3,3,3"
TEST_07_카페테리아_새우튀김 우동,"3,1,1,1,3,3,2"
TEST_07_카페테리아_샷 추가,"1,1,1,1,3,3,2"
TEST_07_카페테리아_수제 등심 돈까스,"4,1,5,1,3,3,4"
TEST_07_카페테리아_아메리카노(HOT),"0,8,5,1,3,3,2"
TEST_07_카페테리아_아메리카노(ICE),"4,3,2,1,3,3,2"
TEST_07_카페테리아_약 고추장 돌솥비빔밥,"3,4,2,1,3,4,6"
TEST_07_카페테리아_어린이 돈까스,"3,0,1,1,3,3,2"
TEST_07_카페테리아_오픈푸드,"1,1,1,1,3,3,2"
TEST_07_카페테리아_진사골 설렁탕,"3,1,0,1,3,3,2"
TEST_07_카페테리아_짜장면,"3,3,0,1,3,3,3"
TEST_07_카페테리아_짜장밥,"0,1,1,1,3,3,2"
TEST_07_카페테리아_짬뽕,"1,2,0,1,3,3,4"
TEST_07_카페테리아_짬뽕밥,"0,1,1,1,3,3,2"
TEST_07_카페테리아_치즈돈까스,"1,1,0,1,3,3,5"
TEST_07_카페테리아_카페라떼(HOT),"3,2,0,1,3,3,2"
TEST_07_카페테리아_카페라떼(ICE),"3,1,1,1,3,3,2"
TEST_07_카페테리아_한상 삼겹구이 정식(2인) 소요시간 약 15~20분,"0,1,1,1,3,3,2"
TEST_07_포레스트릿_꼬치어묵,"1,4,16,1,3,3,2"
TEST_07_포레스트릿_떡볶이,"0,7,5,1,3,3,2"
TEST_07_포레스트릿_복숭아 아이스티,"11,1,1,1,3,3,2"
TEST_07_포레스트릿_생수,"3,3,2,1,3,3,2"
TEST_07_포레스트릿_스프라이트,"1,1,0,1,3,3,2"
TEST_07_포레스트릿_아메리카노(HOT),"3,1,0,1,3,3,2"
TEST_07_포레스트릿_아메리카노(ICE),"0,2,1,1,3,3,2"
TEST_07_포레스트릿_치즈 핫도그,"10,3,3,1,3,3,2"
TEST_07_포레스트릿_카페라떼(HOT),"3,1,1,1,3,3,2"
TEST_07_포레스트릿_카페라떼(ICE),"0,1,0,1,3,3,2"
TEST_07_포레스트릿_코카콜라,"8,2,0,1,3,3,2"
TEST_07_포레스트릿_페스츄리 소시지,"3,1,0,1,3,3,2"
TEST_07_화담숲주막_느린마을 막걸리,"0,1,1,1,3,3,2"
TEST_07_화담숲주막_단호박 식혜 ,"0,1,1,1,3,3,2"
TEST_07_화담숲주막_병천순대,"0,1,1,1,3,3,2"
TEST_07_화담숲주막_스프라이트,"0,1,1,1,3,3,2"
TEST_07_화담숲주막_참살이 막걸리,"0,1,1,1,3,3,2"
TEST_07_화담숲주막_찹쌀식혜,"0,1,1,1,3,3,2"
TEST_07_화담숲주막_콜라,"0,1,1,1,3,3,2"
TEST_07_화담숲주막_해물파전,"0,1,1,1,3,3,2"
TEST_07_화담숲카페_메밀미숫가루,"0,1,1,1,3,3,2"
TEST_07_화담숲카페_아메리카노 HOT,"0,1,1,1,3,3,2"
TEST_07_화담숲카페_아메리카노 ICE,"0,1,1,1,3,3,2"
TEST_07_화담숲카페_카페라떼 ICE,"0,1,1,1,3,3,2"
TEST_07_화담숲카페_현미뻥스크림,"0,1,1,1,3,3,2"
TEST_08_느티나무 셀프BBQ_1인 수저세트,"7,3,1,2,2,6,8"
TEST_08_느티나무 셀프BBQ_BBQ55(단체),"0,1,1,8,54,44,59"
"TEST_08_느티나무 셀프BBQ_대여료 30,000원","10,4,2,3,3,4,10"
"TEST_08_느티나무 셀프BBQ_대여료 60,000원","9,3,2,1,2,2,11"
"TEST_08_느티나무 셀프BBQ_대여료 90,000원","2,1,1,1,2,2,5"
"TEST_08_느티나무 셀프BBQ_본삼겹 (단품,실내)","1,1,1,1,2,4,10"
TEST_08_느티나무 셀프BBQ_스프라이트 (단체),"5,14,3,1,7,45,1"
TEST_08_느티나무 셀프BBQ_신라면,"0,1,1,1,2,2,3"
TEST_08_느티나무 셀프BBQ_쌈야채세트,"2,1,1,2,3,4,14"
TEST_08_느티나무 셀프BBQ_쌈장,"1,1,1,1,2,3,3"
TEST_08_느티나무 셀프BBQ_육개장 사발면,"1,1,1,2,3,3,3"
TEST_08_느티나무 셀프BBQ_일회용 소주컵,"1,1,1,1,2,2,3"
TEST_08_느티나무 셀프BBQ_일회용 종이컵,"0,1,1,1,2,2,3"
TEST_08_느티나무 셀프BBQ_잔디그늘집 대여료 (12인석),"0,1,1,1,2,2,3"
TEST_08_느티나무 셀프BBQ_잔디그늘집 대여료 (6인석),"0,1,1,1,2,2,3"
TEST_08_느티나무 셀프BBQ_잔디그늘집 의자 추가,"0,1,1,1,2,2,3"
TEST_08_느티나무 셀프BBQ_참이슬 (단체),"11,11,3,1,55,94,38"
TEST_08_느티나무 셀프BBQ_친환경 접시 14cm,"1,1,1,1,2,2,3"
TEST_08_느티나무 셀프BBQ_친환경 접시 23cm,"1,1,1,1,2,2,3"
TEST_08_느티나무 셀프BBQ_카스 병(단체),"11,19,5,3,66,97,31"
TEST_08_느티나무 셀프BBQ_콜라 (단체),"7,15,5,2,11,42,1"
TEST_08_느티나무 셀프BBQ_햇반,"1,1,1,1,2,2,3"
TEST_08_느티나무 셀프BBQ_허브솔트,"1,1,1,1,2,2,3"
TEST_08_담하_(단체) 공깃밥,"1,1,1,1,2,2,3"
TEST_08_담하_(단체) 생목살 김치전골 2.0,"1,1,1,21,60,30,3"
TEST_08_담하_(단체) 은이버섯 갈비탕,"1,1,11,27,33,9,47"
TEST_08_담하_(단체) 한우 우거지 국밥,"32,23,1,1,8,7,27"
TEST_08_담하_(단체) 황태해장국 3/27까지,"28,45,1,84,70,65,95"
TEST_08_담하_(정식) 된장찌개,"18,10,7,5,11,14,26"
TEST_08_담하_(정식) 물냉면 ,"7,2,1,2,3,4,8"
TEST_08_담하_(정식) 비빔냉면,"3,1,2,1,4,4,7"
TEST_08_담하_(후식) 된장찌개,"7,3,2,1,3,4,8"
TEST_08_담하_(후식) 물냉면,"2,1,1,1,2,4,3"
TEST_08_담하_(후식) 비빔냉면,"1,1,1,1,2,3,3"
TEST_08_담하_갑오징어 비빔밥,"0,1,1,1,2,2,3"
TEST_08_담하_갱시기,"2,2,2,1,6,3,4"
TEST_08_담하_공깃밥,"41,20,14,7,12,22,46"
TEST_08_담하_꼬막 비빔밥,"0,1,1,1,2,2,3"
TEST_08_담하_느린마을 막걸리,"4,2,1,2,3,3,5"
TEST_08_담하_담하 한우 불고기,"38,15,8,6,9,21,46"
TEST_08_담하_담하 한우 불고기 정식,"29,12,8,4,10,15,32"
TEST_08_담하_더덕 한우 지짐,"1,1,1,1,2,3,3"
TEST_08_담하_들깨 양지탕,"3,1,1,2,4,3,7"
TEST_08_담하_라면사리,"0,1,1,1,3,3,3"
TEST_08_담하_룸 이용료,"0,1,1,2,2,3,3"
TEST_08_담하_메밀면 사리,"3,2,2,1,2,3,3"
TEST_08_담하_명인안동소주,"0,1,1,1,2,3,3"
TEST_08_담하_명태회 비빔냉면,"3,1,1,2,2,3,6"
TEST_08_담하_문막 복분자 칵테일,"1,1,1,1,2,2,3"
TEST_08_담하_봉평메밀 물냉면,"4,2,1,1,2,3,5"
TEST_08_담하_생목살 김치찌개,"11,6,6,4,10,12,16"
TEST_08_담하_스프라이트,"2,2,1,1,2,3,4"
TEST_08_담하_은이버섯 갈비탕,"4,2,2,2,3,11,12"
TEST_08_담하_제로콜라,"2,1,1,1,2,3,5"
TEST_08_담하_참이슬,"5,3,2,1,2,4,9"
TEST_08_담하_처음처럼,"2,2,1,1,2,2,4"
TEST_08_담하_카스,"2,1,1,1,2,5,4"
TEST_08_담하_콜라,"1,1,1,1,2,2,3"
TEST_08_담하_테라,"1,1,1,1,2,3,6"
TEST_08_담하_하동 매실 칵테일,"1,1,1,1,2,2,3"
TEST_08_담하_한우 떡갈비 정식,"12,5,2,1,3,7,15"
TEST_08_담하_한우 미역국 정식,"7,5,5,3,6,7,5"
TEST_08_담하_한우 우거지 국밥,"12,6,6,3,25,18,10"
TEST_08_담하_한우 차돌박이 된장찌개,"9,5,5,5,5,8,13"
TEST_08_담하_황태해장국,"10,10,10,3,13,7,6"
TEST_08_라그로타_AUS (200g),"1,1,2,1,2,3,3"
TEST_08_라그로타_G-Charge(3),"1,1,1,1,2,2,3"
TEST_08_라그로타_Gls.Sileni,"3,1,1,1,2,5,3"
TEST_08_라그로타_Gls.미션 서드,"3,1,2,2,5,7,5"
TEST_08_라그로타_Open Food,"1,1,1,1,2,3,3"
TEST_08_라그로타_그릴드 비프 샐러드,"3,1,1,1,4,3,3"
TEST_08_라그로타_까르보나라,"3,1,1,1,2,3,5"
TEST_08_라그로타_모둠 해산물 플래터,"1,1,1,2,2,2,3"
TEST_08_라그로타_미션 서드 카베르네 쉬라,"1,1,1,1,2,2,4"
TEST_08_라그로타_버섯 크림 리조또,"5,2,2,2,3,7,8"
TEST_08_라그로타_빵 추가 (1인),"1,1,1,1,2,2,3"
TEST_08_라그로타_스프라이트,"2,1,1,1,2,2,5"
TEST_08_라그로타_시저 샐러드 ,"2,1,1,1,3,3,5"
TEST_08_라그로타_아메리카노,"3,2,1,2,2,2,4"
TEST_08_라그로타_알리오 에 올리오 ,"4,2,1,1,3,5,6"
TEST_08_라그로타_양갈비 (4ps),"1,1,1,1,2,2,3"
TEST_08_라그로타_자몽리치에이드,"4,2,1,1,2,3,6"
TEST_08_라그로타_제로콜라,"2,1,1,1,2,2,3"
TEST_08_라그로타_카스,"4,3,2,1,2,2,7"
TEST_08_라그로타_콜라,"2,1,1,1,4,3,4"
TEST_08_라그로타_하이네켄(생),"3,1,1,2,2,2,6"
TEST_08_라그로타_한우 (200g),"2,1,1,2,3,6,7"
TEST_08_라그로타_해산물 토마토 리조또,"3,1,1,1,2,3,3"
TEST_08_라그로타_해산물 토마토 스튜 파스타,"8,3,2,2,5,3,6"
TEST_08_라그로타_해산물 토마토 스파게티,"5,2,1,4,4,4,7"
"TEST_08_미라시아_(단체)브런치주중 36,000","0,1,1,1,2,2,54"
TEST_08_미라시아_(오븐) 하와이안 쉬림프 피자,"3,2,1,1,2,3,6"
TEST_08_미라시아_(화덕) 불고기 페퍼로니 반반피자,"5,2,1,2,2,4,7"
TEST_08_미라시아_BBQ Platter,"10,3,1,2,3,5,13"
TEST_08_미라시아_BBQ 고기추가,"1,1,1,1,2,2,3"
TEST_08_미라시아_공깃밥,"2,1,1,1,2,8,6"
TEST_08_미라시아_글라스와인 (레드),"0,1,1,1,2,2,3"
TEST_08_미라시아_레인보우칵테일(알코올),"1,1,1,1,2,2,3"
TEST_08_미라시아_미라시아 브런치 (패키지),"11,9,12,13,20,13,21"
TEST_08_미라시아_버드와이저(무제한),"4,3,2,3,2,5,10"
TEST_08_미라시아_보일링 랍스타 플래터,"2,1,1,2,3,2,8"
TEST_08_미라시아_보일링 랍스타 플래터(덜매운맛),"2,2,1,1,2,2,3"
TEST_08_미라시아_브런치 2인 패키지 ,"4,2,2,2,3,3,5"
TEST_08_미라시아_브런치 4인 패키지 ,"0,1,1,1,2,3,3"
TEST_08_미라시아_브런치(대인) 주말,"190,38,88,1,2,2,43"
TEST_08_미라시아_브런치(대인) 주중,"10,13,50,42,56,73,37"
TEST_08_미라시아_브런치(어린이),"21,17,10,4,3,4,20"
TEST_08_미라시아_쉬림프 투움바 파스타,"5,2,1,2,3,3,6"
TEST_08_미라시아_스텔라(무제한),"2,1,1,1,2,2,4"
TEST_08_미라시아_스프라이트,"2,1,1,1,2,2,6"
TEST_08_미라시아_애플망고 에이드,"6,2,1,1,2,2,10"
TEST_08_미라시아_얼그레이 하이볼,"0,1,1,1,2,2,6"
TEST_08_미라시아_오븐구이 윙과 킬바사소세지,"1,1,1,1,2,2,4"
TEST_08_미라시아_유자 하이볼,"4,2,1,1,2,3,6"
TEST_08_미라시아_잭 애플 토닉,"1,1,1,1,2,3,3"
TEST_08_미라시아_칠리 치즈 프라이,"1,1,1,1,2,2,3"
TEST_08_미라시아_코카콜라,"3,1,1,1,2,2,4"
TEST_08_미라시아_코카콜라(제로),"2,1,1,1,2,3,6"
TEST_08_미라시아_콥 샐러드,"4,2,1,2,2,2,9"
TEST_08_미라시아_파스타면 추가(150g),"2,1,1,1,2,2,7"
TEST_08_미라시아_핑크레몬에이드,"0,1,1,1,2,2,3"
TEST_08_연회장_Cass Beer,"1,28,57,19,5,87,15"
TEST_08_연회장_Conference L1,"1,1,1,1,2,2,3"
TEST_08_연회장_Conference L2,"1,1,1,1,2,2,3"
TEST_08_연회장_Conference L3,"1,1,1,1,2,2,3"
TEST_08_연회장_Conference M1,"1,1,1,1,2,3,3"
TEST_08_연회장_Conference M8,"1,1,1,1,2,2,3"
TEST_08_연회장_Conference M9,"0,1,1,1,2,2,3"
TEST_08_연회장_Convention Hall,"1,1,1,1,2,2,3"
TEST_08_연회장_Cookie Platter,"0,1,1,1,2,2,3"
TEST_08_연회장_Grand Ballroom,"1,1,1,1,2,2,3"
TEST_08_연회장_OPUS 2,"1,1,1,1,2,2,3"
TEST_08_연회장_Regular Coffee,"1,1,1,39,53,31,31"
TEST_08_연회장_골뱅이무침,"4,2,1,1,2,3,7"
TEST_08_연회장_공깃밥,"3,2,1,1,2,3,5"
TEST_08_연회장_돈목살 김치찌개 (밥포함),"5,1,2,2,3,6,8"
TEST_08_연회장_로제 치즈떡볶이,"1,1,1,1,2,2,5"
TEST_08_연회장_마라샹궈,"1,1,1,1,2,2,3"
TEST_08_연회장_매콤 무뼈닭발&계란찜,"2,2,1,1,2,3,5"
TEST_08_연회장_모둠 돈육구이(3인),"7,3,2,2,3,4,9"
TEST_08_연회장_삼겹살추가 (200g),"1,1,1,1,2,3,3"
TEST_08_연회장_야채추가,"2,2,1,1,2,2,4"
TEST_08_연회장_왕갈비치킨,"6,2,1,1,2,3,6"
TEST_08_연회장_주먹밥 (2ea),"3,2,1,1,2,2,4"
TEST_08_카페테리아_공깃밥(추가),"6,2,1,1,4,4,8"
TEST_08_카페테리아_구슬아이스크림,"0,1,1,1,2,2,3"
TEST_08_카페테리아_단체식 13000(신),"0,20,18,81,134,104,138"
TEST_08_카페테리아_단체식 18000(신),"32,47,63,143,42,32,102"
TEST_08_카페테리아_돼지고기 김치찌개,"10,3,2,4,6,8,11"
TEST_08_카페테리아_복숭아 아이스티,"0,1,1,1,2,2,3"
TEST_08_카페테리아_새우 볶음밥,"5,4,1,1,2,5,7"
TEST_08_카페테리아_새우튀김 우동,"0,1,1,1,2,2,3"
TEST_08_카페테리아_샷 추가,"0,1,1,1,2,2,3"
TEST_08_카페테리아_수제 등심 돈까스,"15,6,4,7,8,7,20"
TEST_08_카페테리아_아메리카노(HOT),"0,1,1,1,2,2,3"
TEST_08_카페테리아_아메리카노(ICE),"0,1,1,1,2,2,3"
TEST_08_카페테리아_약 고추장 돌솥비빔밥,"17,6,10,12,23,16,24"
TEST_08_카페테리아_어린이 돈까스,"4,2,1,1,2,3,4"
TEST_08_카페테리아_오픈푸드,"1,1,1,64,156,151,167"
TEST_08_카페테리아_진사골 설렁탕,"0,1,1,1,2,2,3"
TEST_08_카페테리아_짜장면,"6,2,2,2,3,5,9"
TEST_08_카페테리아_짜장밥,"1,1,1,1,2,3,3"
TEST_08_카페테리아_짬뽕,"6,4,3,2,4,3,8"
TEST_08_카페테리아_짬뽕밥,"3,1,1,1,2,2,4"
TEST_08_카페테리아_치즈돈까스,"7,3,2,1,3,4,9"
TEST_08_카페테리아_카페라떼(HOT),"0,1,1,1,2,2,3"
TEST_08_카페테리아_카페라떼(ICE),"0,1,1,1,2,2,3"
TEST_08_카페테리아_한상 삼겹구이 정식(2인) 소요시간 약 15~20분,"7,3,2,2,5,4,11"
TEST_08_포레스트릿_꼬치어묵,"5,3,1,1,2,2,4"
TEST_08_포레스트릿_떡볶이,"4,2,1,1,2,3,3"
TEST_08_포레스트릿_복숭아 아이스티,"0,1,1,1,2,2,3"
TEST_08_포레스트릿_생수,"7,2,1,1,2,3,5"
TEST_08_포레스트릿_스프라이트,"1,1,1,1,2,3,3"
TEST_08_포레스트릿_아메리카노(HOT),"8,3,1,1,2,3,4"
TEST_08_포레스트릿_아메리카노(ICE),"20,12,1,1,2,7,6"
TEST_08_포레스트릿_치즈 핫도그,"20,12,1,1,2,6,6"
TEST_08_포레스트릿_카페라떼(HOT),"3,1,1,1,2,2,3"
TEST_08_포레스트릿_카페라떼(ICE),"2,1,1,1,2,3,3"
TEST_08_포레스트릿_코카콜라,"1,1,1,1,2,2,3"
TEST_08_포레스트릿_페스츄리 소시지,"5,2,1,1,2,3,4"
TEST_08_화담숲주막_느린마을 막걸리,"39,24,22,43,50,40,49"
TEST_08_화담숲주막_단호박 식혜 ,"39,27,12,15,36,30,46"
TEST_08_화담숲주막_병천순대,"57,13,18,33,54,58,55"
TEST_08_화담숲주막_스프라이트,"25,6,8,8,16,25,26"
TEST_08_화담숲주막_참살이 막걸리,"22,8,6,15,36,39,50"
TEST_08_화담숲주막_찹쌀식혜,"57,38,21,26,43,76,82"
TEST_08_화담숲주막_콜라,"39,19,21,16,22,32,53"
TEST_08_화담숲주막_해물파전,"195,115,101,254,221,248,278"
TEST_08_화담숲카페_메밀미숫가루,"77,35,34,46,68,80,97"
TEST_08_화담숲카페_아메리카노 HOT,"52,17,50,44,88,65,70"
TEST_08_화담숲카페_아메리카노 ICE,"15,2,14,67,43,230,248"
TEST_08_화담숲카페_카페라떼 ICE,"30,16,14,15,42,60,56"
TEST_08_화담숲카페_현미뻥스크림,"45,33,35,49,72,88,106"
TEST_09_느티나무 셀프BBQ_1인 수저세트,"5,3,6,1,2,4,5"
TEST_09_느티나무 셀프BBQ_BBQ55(단체),"0,1,93,34,101,54,44"
"TEST_09_느티나무 셀프BBQ_대여료 30,000원","10,4,2,2,3,6,14"
"TEST_09_느티나무 셀프BBQ_대여료 60,000원","7,3,1,1,3,2,5"
"TEST_09_느티나무 셀프BBQ_대여료 90,000원","2,2,1,1,2,2,4"
"TEST_09_느티나무 셀프BBQ_본삼겹 (단품,실내)","2,2,2,1,2,3,3"
TEST_09_느티나무 셀프BBQ_스프라이트 (단체),"1,1,12,4,18,25,44"
TEST_09_느티나무 셀프BBQ_신라면,"0,1,1,1,2,2,2"
TEST_09_느티나무 셀프BBQ_쌈야채세트,"2,2,2,1,2,2,4"
TEST_09_느티나무 셀프BBQ_쌈장,"1,1,1,1,2,2,3"
TEST_09_느티나무 셀프BBQ_육개장 사발면,"0,1,1,1,2,2,2"
TEST_09_느티나무 셀프BBQ_일회용 소주컵,"0,1,1,1,2,2,2"
TEST_09_느티나무 셀프BBQ_일회용 종이컵,"1,1,1,1,2,2,3"
TEST_09_느티나무 셀프BBQ_잔디그늘집 대여료 (12인석),"4,2,1,1,2,5,7"
TEST_09_느티나무 셀프BBQ_잔디그늘집 대여료 (6인석),"33,14,7,3,6,21,41"
TEST_09_느티나무 셀프BBQ_잔디그늘집 의자 추가,"2,1,1,1,2,2,4"
TEST_09_느티나무 셀프BBQ_참이슬 (단체),"0,1,14,29,53,66,31"
TEST_09_느티나무 셀프BBQ_친환경 접시 14cm,"1,1,1,1,2,2,3"
TEST_09_느티나무 셀프BBQ_친환경 접시 23cm,"2,1,2,1,2,2,3"
TEST_09_느티나무 셀프BBQ_카스 병(단체),"4,1,17,38,47,41,55"
TEST_09_느티나무 셀프BBQ_콜라 (단체),"1,1,8,5,17,39,52"
TEST_09_느티나무 셀프BBQ_햇반,"0,1,1,1,2,2,2"
TEST_09_느티나무 셀프BBQ_허브솔트,"1,1,1,1,2,2,4"
TEST_09_담하_(단체) 공깃밥,"1,1,1,1,2,2,2"
TEST_09_담하_(단체) 생목살 김치전골 2.0,"1,3,1,55,25,21,7"
TEST_09_담하_(단체) 은이버섯 갈비탕,"2,1,21,38,39,25,38"
TEST_09_담하_(단체) 한우 우거지 국밥,"66,19,1,1,2,3,29"
TEST_09_담하_(단체) 황태해장국 3/27까지,"1,1,6,33,17,14,59"
TEST_09_담하_(정식) 된장찌개,"6,12,9,4,8,4,7"
TEST_09_담하_(정식) 물냉면 ,"6,3,2,1,4,2,5"
TEST_09_담하_(정식) 비빔냉면,"3,1,2,2,4,3,2"
TEST_09_담하_(후식) 된장찌개,"2,2,2,1,4,3,5"
TEST_09_담하_(후식) 물냉면,"4,3,2,1,2,2,4"
TEST_09_담하_(후식) 비빔냉면,"2,1,1,1,2,2,3"
TEST_09_담하_갑오징어 비빔밥,"0,1,1,1,2,2,2"
TEST_09_담하_갱시기,"4,2,2,1,3,2,3"
TEST_09_담하_공깃밥,"42,28,11,5,16,20,33"
TEST_09_담하_꼬막 비빔밥,"0,1,1,1,2,2,2"
TEST_09_담하_느린마을 막걸리,"6,2,2,1,2,2,5"
TEST_09_담하_담하 한우 불고기,"37,13,7,7,20,22,29"
TEST_09_담하_담하 한우 불고기 정식,"12,16,10,5,6,4,13"
TEST_09_담하_더덕 한우 지짐,"1,1,1,1,3,3,3"
TEST_09_담하_들깨 양지탕,"3,1,1,2,6,5,6"
TEST_09_담하_라면사리,"1,1,1,19,9,2,3"
TEST_09_담하_룸 이용료,"1,1,1,1,2,2,4"
TEST_09_담하_메밀면 사리,"2,1,1,1,2,8,5"
TEST_09_담하_명인안동소주,"1,1,1,1,2,2,3"
TEST_09_담하_명태회 비빔냉면,"2,1,2,2,5,11,5"
TEST_09_담하_문막 복분자 칵테일,"2,1,1,1,2,2,3"
TEST_09_담하_봉평메밀 물냉면,"1,1,1,1,6,3,3"
TEST_09_담하_생목살 김치찌개,"20,10,3,8,18,10,7"
TEST_09_담하_스프라이트,"2,1,1,1,2,2,3"
TEST_09_담하_은이버섯 갈비탕,"5,2,8,7,9,8,4"
TEST_09_담하_제로콜라,"1,1,1,1,2,2,3"
TEST_09_담하_참이슬,"5,4,3,2,3,2,4"
TEST_09_담하_처음처럼,"2,1,1,1,2,3,3"
TEST_09_담하_카스,"6,2,1,3,10,4,3"
TEST_09_담하_콜라,"1,1,2,1,2,2,3"
TEST_09_담하_테라,"1,1,1,1,2,2,3"
TEST_09_담하_하동 매실 칵테일,"1,1,1,1,2,2,3"
TEST_09_담하_한우 떡갈비 정식,"6,5,3,2,2,5,7"
TEST_09_담하_한우 미역국 정식,"16,4,7,5,6,3,4"
TEST_09_담하_한우 우거지 국밥,"20,12,11,7,21,8,8"
TEST_09_담하_한우 차돌박이 된장찌개,"16,15,2,7,11,11,9"
TEST_09_담하_황태해장국,"11,6,4,3,8,6,8"
TEST_09_라그로타_AUS (200g),"1,1,1,1,2,2,3"
TEST_09_라그로타_G-Charge(3),"2,2,1,1,2,2,4"
TEST_09_라그로타_Gls.Sileni,"1,1,1,1,2,2,4"
TEST_09_라그로타_Gls.미션 서드,"2,1,2,1,5,4,7"
TEST_09_라그로타_Open Food,"1,1,1,1,2,2,3"
TEST_09_라그로타_그릴드 비프 샐러드,"2,1,1,1,2,2,3"
TEST_09_라그로타_까르보나라,"2,1,2,1,2,2,3"
TEST_09_라그로타_모둠 해산물 플래터,"2,1,1,1,2,2,3"
TEST_09_라그로타_미션 서드 카베르네 쉬라,"1,1,1,1,2,3,3"
TEST_09_라그로타_버섯 크림 리조또,"3,1,1,1,2,2,4"
TEST_09_라그로타_빵 추가 (1인),"3,2,1,1,2,8,5"
TEST_09_라그로타_스프라이트,"1,1,1,1,2,2,2"
TEST_09_라그로타_시저 샐러드 ,"1,1,1,1,2,2,3"
TEST_09_라그로타_아메리카노,"1,1,1,1,2,2,2"
TEST_09_라그로타_알리오 에 올리오 ,"4,2,1,1,2,2,6"
TEST_09_라그로타_양갈비 (4ps),"1,1,1,1,2,2,4"
TEST_09_라그로타_자몽리치에이드,"1,1,1,1,2,2,2"
TEST_09_라그로타_제로콜라,"1,1,1,1,3,3,3"
TEST_09_라그로타_카스,"5,2,1,1,2,2,5"
TEST_09_라그로타_콜라,"3,1,1,1,4,4,4"
TEST_09_라그로타_하이네켄(생),"1,1,1,1,5,4,3"
TEST_09_라그로타_한우 (200g),"2,1,1,2,2,2,5"
TEST_09_라그로타_해산물 토마토 리조또,"3,2,1,1,2,3,4"
TEST_09_라그로타_해산물 토마토 스튜 파스타,"2,2,2,1,2,2,3"
TEST_09_라그로타_해산물 토마토 스파게티,"2,1,1,1,2,3,7"
"TEST_09_미라시아_(단체)브런치주중 36,000","0,1,1,1,2,2,36"
TEST_09_미라시아_(오븐) 하와이안 쉬림프 피자,"2,1,1,1,2,2,4"
TEST_09_미라시아_(화덕) 불고기 페퍼로니 반반피자,"4,3,2,2,2,3,7"
TEST_09_미라시아_BBQ Platter,"13,4,2,1,4,4,12"
TEST_09_미라시아_BBQ 고기추가,"1,1,1,1,2,2,3"
TEST_09_미라시아_공깃밥,"1,1,1,1,2,2,3"
TEST_09_미라시아_글라스와인 (레드),"1,1,2,2,2,2,3"
TEST_09_미라시아_레인보우칵테일(알코올),"1,1,1,1,2,2,3"
TEST_09_미라시아_미라시아 브런치 (패키지),"22,8,5,10,10,20,23"
TEST_09_미라시아_버드와이저(무제한),"2,1,1,1,2,2,7"
TEST_09_미라시아_보일링 랍스타 플래터,"3,2,1,1,2,2,4"
TEST_09_미라시아_보일링 랍스타 플래터(덜매운맛),"1,1,1,1,2,2,3"
TEST_09_미라시아_브런치 2인 패키지 ,"3,3,3,1,2,2,5"
TEST_09_미라시아_브런치 4인 패키지 ,"1,1,1,1,2,2,3"
TEST_09_미라시아_브런치(대인) 주말,"109,57,95,1,2,2,26"
TEST_09_미라시아_브런치(대인) 주중,"1,22,38,22,39,32,30"
TEST_09_미라시아_브런치(어린이),"16,17,16,2,2,2,10"
TEST_09_미라시아_쉬림프 투움바 파스타,"7,3,2,2,2,7,8"
TEST_09_미라시아_스텔라(무제한),"5,3,1,1,1,2,14"
TEST_09_미라시아_스프라이트,"1,1,1,1,2,2,3"
TEST_09_미라시아_애플망고 에이드,"4,2,1,1,2,3,8"
TEST_09_미라시아_얼그레이 하이볼,"0,1,1,1,2,2,2"
TEST_09_미라시아_오븐구이 윙과 킬바사소세지,"1,1,1,1,2,2,6"
TEST_09_미라시아_유자 하이볼,"1,1,1,1,2,3,3"
TEST_09_미라시아_잭 애플 토닉,"1,1,1,3,3,2,3"
TEST_09_미라시아_칠리 치즈 프라이,"1,1,1,1,2,2,3"
TEST_09_미라시아_코카콜라,"1,1,1,2,2,3,3"
TEST_09_미라시아_코카콜라(제로),"2,1,1,1,2,2,3"
TEST_09_미라시아_콥 샐러드,"3,1,1,1,2,4,5"
TEST_09_미라시아_파스타면 추가(150g),"3,1,1,1,2,2,4"
TEST_09_미라시아_핑크레몬에이드,"0,1,1,1,2,2,2"
TEST_09_연회장_Cass Beer,"30,1,19,14,2,95,51"
TEST_09_연회장_Conference L1,"1,1,1,1,1,2,3"
TEST_09_연회장_Conference L2,"1,1,1,1,2,2,3"
TEST_09_연회장_Conference L3,"1,1,1,1,2,2,3"
TEST_09_연회장_Conference M1,"1,1,1,1,2,2,3"
TEST_09_연회장_Conference M8,"1,1,1,1,2,2,3"
TEST_09_연회장_Conference M9,"1,1,1,1,2,2,3"
TEST_09_연회장_Convention Hall,"1,1,1,1,2,2,3"
TEST_09_연회장_Cookie Platter,"0,1,1,1,2,2,2"
TEST_09_연회장_Grand Ballroom,"1,1,1,1,2,2,3"
TEST_09_연회장_OPUS 2,"1,1,1,1,2,2,3"
TEST_09_연회장_Regular Coffee,"1,1,33,45,39,55,40"
TEST_09_연회장_골뱅이무침,"4,2,1,1,2,2,5"
TEST_09_연회장_공깃밥,"2,2,1,1,2,2,5"
TEST_09_연회장_돈목살 김치찌개 (밥포함),"4,2,1,1,2,3,7"
TEST_09_연회장_로제 치즈떡볶이,"4,2,1,1,2,2,5"
TEST_09_연회장_마라샹궈,"2,1,1,1,2,2,4"
TEST_09_연회장_매콤 무뼈닭발&계란찜,"2,2,1,1,2,2,4"
TEST_09_연회장_모둠 돈육구이(3인),"3,2,1,1,2,2,7"
TEST_09_연회장_삼겹살추가 (200g),"2,2,1,1,2,2,4"
TEST_09_연회장_야채추가,"1,1,1,1,2,2,3"
TEST_09_연회장_왕갈비치킨,"3,2,1,1,2,2,7"
TEST_09_연회장_주먹밥 (2ea),"2,2,1,1,2,3,3"
TEST_09_카페테리아_공깃밥(추가),"6,4,4,2,2,5,5"
TEST_09_카페테리아_구슬아이스크림,"0,1,1,1,2,2,2"
TEST_09_카페테리아_단체식 13000(신),"14,21,19,17,38,48,7"
TEST_09_카페테리아_단체식 18000(신),"10,22,13,43,81,345,103"
TEST_09_카페테리아_돼지고기 김치찌개,"10,5,4,3,3,7,9"
TEST_09_카페테리아_복숭아 아이스티,"0,1,1,1,2,2,2"
TEST_09_카페테리아_새우 볶음밥,"7,5,3,3,3,3,6"
TEST_09_카페테리아_새우튀김 우동,"0,1,1,1,2,2,2"
TEST_09_카페테리아_샷 추가,"0,1,1,1,2,2,2"
TEST_09_카페테리아_수제 등심 돈까스,"15,9,8,4,13,11,15"
TEST_09_카페테리아_아메리카노(HOT),"0,1,1,1,2,2,2"
TEST_09_카페테리아_아메리카노(ICE),"0,1,1,1,2,2,2"
TEST_09_카페테리아_약 고추장 돌솥비빔밥,"19,9,11,8,21,13,16"
TEST_09_카페테리아_어린이 돈까스,"8,7,6,1,3,2,5"
TEST_09_카페테리아_오픈푸드,"0,1,1,1,2,2,2"
TEST_09_카페테리아_진사골 설렁탕,"0,1,1,1,2,2,2"
TEST_09_카페테리아_짜장면,"7,5,5,2,2,2,7"
TEST_09_카페테리아_짜장밥,"1,1,1,1,2,2,3"
TEST_09_카페테리아_짬뽕,"6,3,4,3,3,2,4"
TEST_09_카페테리아_짬뽕밥,"4,5,3,1,2,5,5"
TEST_09_카페테리아_치즈돈까스,"7,5,4,3,5,5,7"
TEST_09_카페테리아_카페라떼(HOT),"0,1,1,1,2,2,2"
TEST_09_카페테리아_카페라떼(ICE),"0,1,1,1,2,2,2"
TEST_09_카페테리아_한상 삼겹구이 정식(2인) 소요시간 약 15~20분,"9,7,5,4,3,3,8"
TEST_09_포레스트릿_꼬치어묵,"0,1,1,1,2,2,2"
TEST_09_포레스트릿_떡볶이,"0,1,1,1,2,2,2"
TEST_09_포레스트릿_복숭아 아이스티,"0,1,1,1,2,2,2"
TEST_09_포레스트릿_생수,"5,6,7,1,2,2,4"
TEST_09_포레스트릿_스프라이트,"1,1,2,1,2,2,3"
TEST_09_포레스트릿_아메리카노(HOT),"5,3,2,1,2,2,4"
TEST_09_포레스트릿_아메리카노(ICE),"14,22,16,1,2,2,10"
TEST_09_포레스트릿_치즈 핫도그,"15,39,16,1,2,2,10"
TEST_09_포레스트릿_카페라떼(HOT),"2,1,1,1,2,2,3"
TEST_09_포레스트릿_카페라떼(ICE),"5,2,2,1,2,2,4"
TEST_09_포레스트릿_코카콜라,"2,3,2,1,2,2,3"
TEST_09_포레스트릿_페스츄리 소시지,"5,4,5,1,2,2,4"
TEST_09_화담숲주막_느린마을 막걸리,"35,40,12,11,19,24,29"
TEST_09_화담숲주막_단호박 식혜 ,"14,9,5,9,6,9,17"
TEST_09_화담숲주막_병천순대,"28,27,17,7,10,18,27"
TEST_09_화담숲주막_스프라이트,"9,5,6,3,3,3,8"
TEST_09_화담숲주막_참살이 막걸리,"21,14,7,5,9,13,25"
TEST_09_화담숲주막_찹쌀식혜,"18,29,9,7,9,8,15"
TEST_09_화담숲주막_콜라,"15,12,4,4,6,5,10"
TEST_09_화담숲주막_해물파전,"108,80,64,59,62,65,123"
TEST_09_화담숲카페_메밀미숫가루,"38,11,27,20,31,20,36"
TEST_09_화담숲카페_아메리카노 HOT,"56,34,25,16,22,46,68"
TEST_09_화담숲카페_아메리카노 ICE,"46,33,44,146,87,62,77"
TEST_09_화담숲카페_카페라떼 ICE,"31,30,30,18,23,20,33"
TEST_09_화담숲카페_현미뻥스크림,"50,24,38,11,31,28,43"
